Name,Family,Genus,Common_Name
Malus domestica,Rosaceae,Malus,Apple
Pyrus communis,Rosaceae,Pyrus,"Pear,Common Pear"
Prunus persica,Rosaceae,Prunus,"Peach,Nectarine"
Prunus armeniaca,Rosaceae,Prunus,Apricot
Prunus avium,Rosaceae,Prunus,"Sweet Cherry,Wild Cherry"
Prunus cerasus,Rosaceae,Prunus,"Sour Cherry,Morello Cherry"
Prunus domestica,Rosaceae,Prunus,"Plum,European Plum"
Prunus salicina,Rosaceae,Prunus,Japanese Plum
Prunus dulcis,Rosaceae,Prunus,Almond
Fragaria × ananassa,Rosaceae,Fragaria,"Strawberry,Garden Strawberry"
Rubus idaeus,Rosaceae,Rubus,"Raspberry,Red Raspberry"
Rubus fruticosus,Rosaceae,Rubus,"Blackberry,Bramble"
Rubus occidentalis,Rosaceae,Rubus,Black Raspberry
Rubus loganobaccus,Rosaceae,Rubus,Loganberry
Cydonia oblonga,Rosaceae,Cydonia,Quince
Eriobotrya japonica,Rosaceae,Eriobotrya,"Loquat,Japanese Plum"
Mespilus germanica,Rosaceae,Mespilus,Medlar
Crataegus monogyna,Rosaceae,Crataegus,"Common Hawthorn,Maythorn"
Rosa damascena,Rosaceae,Rosa,"Damask Rose,Rose of Castile"
Rosa canina,Rosaceae,Rosa,"Dog Rose,Brier Hip"
Rosa gallica,Rosaceae,Rosa,"Gallic Rose,Apothecary's Rose"
Rosa rugosa,Rosaceae,Rosa,"Rugosa Rose,Japanese Rose"
Alchemilla mollis,Rosaceae,Alchemilla,Lady's Mantle
Filipendula ulmaria,Rosaceae,Filipendula,Meadowsweet
Sanguisorba minor,Rosaceae,Sanguisorba,Salad Burnet
Geum urbanum,Rosaceae,Geum,"Wood Avens,Herb Bennet"
Potentilla reptans,Rosaceae,Potentilla,Creeping Cinquefoil
Spiraea japonica,Rosaceae,Spiraea,"Japanese Spirea,Japanese Meadowsweet"
Sorbus aucuparia,Rosaceae,Sorbus,"Rowan,Mountain-ash"
Aronia melanocarpa,Rosaceae,Aronia,Black Chokeberry
Chaenomeles speciosa,Rosaceae,Chaenomeles,Flowering Quince
Physocarpus opulifolius,Rosaceae,Physocarpus,Ninebark
Pyracantha coccinea,Rosaceae,Pyracantha,Scarlet Firethorn
Kerria japonica,Rosaceae,Kerria,Japanese Rose
Glycine max,Fabaceae,Glycine,"Soybean,Soya Bean"
Pisum sativum,Fabaceae,Pisum,"Pea,Garden Pea"
Phaseolus vulgaris,Fabaceae,Phaseolus,"Common Bean,Green Bean,Kidney Bean"
Phaseolus lunatus,Fabaceae,Phaseolus,"Lima Bean,Butter Bean"
Phaseolus coccineus,Fabaceae,Phaseolus,"Runner Bean,Scarlet Runner Bean"
Arachis hypogaea,Fabaceae,Arachis,"Peanut,Groundnut"
Medicago sativa,Fabaceae,Medicago,"Alfalfa,Lucerne"
Trifolium repens,Fabaceae,Trifolium,White Clover
Trifolium pratense,Fabaceae,Trifolium,Red Clover
Vicia faba,Fabaceae,Vicia,"Broad Bean,Fava Bean"
Lens culinaris,Fabaceae,Lens,Lentil
Cicer arietinum,Fabaceae,Cicer,"Chickpea,Garbanzo Bean"
Lupinus albus,Fabaceae,Lupinus,White Lupin
Robinia pseudoacacia,Fabaceae,Robinia,Black Locust
Cercis canadensis,Fabaceae,Cercis,Eastern Redbud
Wisteria sinensis,Fabaceae,Wisteria,Chinese Wisteria
Lathyrus odoratus,Fabaceae,Lathyrus,Sweet Pea
Acacia dealbata,Fabaceae,Acacia,"Silver Wattle,Mimosa"
Albizia julibrissin,Fabaceae,Albizia,Silk Tree
Caesalpinia pulcherrima,Fabaceae,Caesalpinia,"Peacock Flower,Pride of Barbados"
Cassia fistula,Fabaceae,Cassia,Golden Shower Tree
Delonix regia,Fabaceae,Delonix,"Royal Poinciana,Flamboyant"
Erythrina crista-galli,Fabaceae,Erythrina,Cockspur Coral Tree
Glycyrrhiza glabra,Fabaceae,Glycyrrhiza,"Liquorice,Licorice"
Indigofera tinctoria,Fabaceae,Indigofera,True Indigo
Mimosa pudica,Fabaceae,Mimosa,"Sensitive Plant,Touch-me-not"
Parkinsonia aculeata,Fabaceae,Parkinsonia,Mexican Palo Verde
Pueraria montana,Fabaceae,Pueraria,Kudzu
Tamarindus indica,Fabaceae,Tamarindus,Tamarind
Vigna unguiculata,Fabaceae,Vigna,"Cowpea,Black-eyed Pea"
Vigna radiata,Fabaceae,Vigna,Mung Bean
Cajanus cajan,Fabaceae,Cajanus,"Pigeon Pea,Toor Dal"
Ceratonia siliqua,Fabaceae,Ceratonia,Carob Tree
Senna alexandrina,Fabaceae,Senna,Alexandrian Senna
Bauhinia variegata,Fabaceae,Bauhinia,Orchid Tree
Gleditsia triacanthos,Fabaceae,Gleditsia,Honey Locust
Ulex europaeus,Fabaceae,Ulex,"Gorse,Common Gorse"
Cytisus scoparius,Fabaceae,Cytisus,"Broom,Scotch Broom"
Trigonella foenum-graecum,Fabaceae,Trigonella,Fenugreek
Melilotus officinalis,Fabaceae,Melilotus,Yellow Sweet Clover
Lotus corniculatus,Fabaceae,Lotus,Bird's-foot Trefoil
Onobrychis viciifolia,Fabaceae,Onobrychis,Sainfoin
Solanum tuberosum,Solanaceae,Solanum,Potato
Solanum lycopersicum,Solanaceae,Solanum,Tomato
Solanum melongena,Solanaceae,Solanum,"Eggplant,Aubergine"
Solanum quitoense,Solanaceae,Solanum,"Naranjilla,Lulo"
Capsicum annuum,Solanaceae,Capsicum,"Bell Pepper,Chili Pepper,Jalapeño"
Capsicum frutescens,Solanaceae,Capsicum,"Tabasco Pepper,Bird's eye chili"
Capsicum chinense,Solanaceae,Capsicum,"Habanero,Scotch Bonnet"
Nicotiana tabacum,Solanaceae,Nicotiana,Cultivated Tobacco
Petunia × atkinsiana,Solanaceae,Petunia,Common Garden Petunia
Datura stramonium,Solanaceae,Datura,"Jimsonweed,Thorn apple"
Atropa belladonna,Solanaceae,Atropa,"Deadly Nightshade,Belladonna"
Hyoscyamus niger,Solanaceae,Hyoscyamus,Henbane
Mandragora officinarum,Solanaceae,Mandragora,Mandrake
Physalis peruviana,Solanaceae,Physalis,"Cape Gooseberry,Inca Berry"
Physalis philadelphica,Solanaceae,Physalis,Tomatillo
Withania somnifera,Solanaceae,Withania,"Ashwagandha,Indian Ginseng"
Lycium barbarum,Solanaceae,Lycium,"Goji Berry,Wolfberry"
Schizanthus pinnatus,Solanaceae,Schizanthus,"Butterfly Flower,Poor Man's Orchid"
Brugmansia suaveolens,Solanaceae,Brugmansia,Angel's Trumpet
Calibrachoa parviflora,Solanaceae,Calibrachoa,Million Bells
Brassica oleracea,Brassicaceae,Brassica,"Cabbage,Broccoli,Cauliflower,Kale,Brussels Sprouts"
Brassica rapa,Brassicaceae,Brassica,"Turnip,Bok Choy,Napa Cabbage"
Brassica nigra,Brassicaceae,Brassica,Black Mustard
Brassica napus,Brassicaceae,Brassica,"Rapeseed,Canola,Rutabaga"
Raphanus sativus,Brassicaceae,Raphanus,Radish
Sinapis alba,Brassicaceae,Sinapis,"White Mustard,Yellow Mustard"
Arabidopsis thaliana,Brassicaceae,Arabidopsis,Thale Cress
Lunaria annua,Brassicaceae,Lunaria,"Honesty,Money Plant"
Iberis sempervirens,Brassicaceae,Iberis,Evergreen Candytuft
Armoracia rusticana,Brassicaceae,Armoracia,Horseradish
Aubrieta deltoidea,Brassicaceae,Aubrieta,"Rock Cress,Aubretia"
Barbarea vulgaris,Brassicaceae,Barbarea,"Winter Cress,Yellow Rocket"
Capsella bursa-pastoris,Brassicaceae,Capsella,Shepherd's Purse
Eruca vesicaria,Brassicaceae,Eruca,"Arugula,Rocket"
Erysimum cheiri,Brassicaceae,Erysimum,Wallflower
Hesperis matronalis,Brassicaceae,Hesperis,"Dame's Rocket,Sweet Rocket"
Lepidium sativum,Brassicaceae,Lepidium,Garden Cress
Lobularia maritima,Brassicaceae,Lobularia,Sweet Alyssum
Matthiola incana,Brassicaceae,Matthiola,"Stock,Gillyflower"
Nasturtium officinale,Brassicaceae,Nasturtium,Watercress
Crambe maritima,Brassicaceae,Crambe,Sea Kale
Wasabia japonica,Brassicaceae,Wasabia,Wasabi
Isatis tinctoria,Brassicaceae,Isatis,"Woad,Dyer's Woad"
Helianthus annuus,Asteraceae,Helianthus,Common Sunflower
Helianthus tuberosus,Asteraceae,Helianthus,"Jerusalem Artichoke,Sunchoke"
Taraxacum officinale,Asteraceae,Taraxacum,Dandelion
Lactuca sativa,Asteraceae,Lactuca,Lettuce
Cichorium intybus,Asteraceae,Cichorium,"Chicory,Radicchio"
Cichorium endivia,Asteraceae,Cichorium,"Endive,Escarole"
Dahlia pinnata,Asteraceae,Dahlia,Garden Dahlia
Zinnia elegans,Asteraceae,Zinnia,Common Zinnia
Tagetes erecta,Asteraceae,Tagetes,"African Marigold,Aztec Marigold"
Tagetes patula,Asteraceae,Tagetes,French Marigold
Echinacea purpurea,Asteraceae,Echinacea,Purple Coneflower
Rudbeckia hirta,Asteraceae,Rudbeckia,Black-eyed Susan
Achillea millefolium,Asteraceae,Achillea,"Yarrow,Common Yarrow"
Bellis perennis,Asteraceae,Bellis,"Common Daisy,English Daisy"
Calendula officinalis,Asteraceae,Calendula,"Pot Marigold,Common Marigold"
Carduus nutans,Asteraceae,Carduus,Musk Thistle
Cirsium vulgare,Asteraceae,Cirsium,"Spear Thistle,Bull Thistle"
Cosmos bipinnatus,Asteraceae,Cosmos,"Garden Cosmos,Mexican Aster"
Cynara cardunculus,Asteraceae,Cynara,"Artichoke,Cardoon"
Gaillardia pulchella,Asteraceae,Gaillardia,"Indian Blanket,Firewheel"
Gerbera jamesonii,Asteraceae,Gerbera,"Gerbera Daisy,Transvaal Daisy"
Leucanthemum vulgare,Asteraceae,Leucanthemum,"Ox-eye Daisy,Dog Daisy"
Matricaria chamomilla,Asteraceae,Matricaria,German Chamomile
Solidago canadensis,Asteraceae,Solidago,Canada Goldenrod
Tanacetum parthenium,Asteraceae,Tanacetum,Feverfew
Tussilago farfara,Asteraceae,Tussilago,Coltsfoot
Ageratum houstonianum,Asteraceae,Ageratum,"Flossflower,Bluemink"
Anthemis nobilis,Asteraceae,Anthemis,Roman Chamomile
Arctium lappa,Asteraceae,Arctium,"Greater Burdock,Gobo"
Arnica montana,Asteraceae,Arnica,"Mountain Arnica,Wolf's Bane"
Artemisia dracunculus,Asteraceae,Artemisia,Tarragon
Artemisia absinthium,Asteraceae,Artemisia,"Wormwood,Absinthe"
Callistephus chinensis,Asteraceae,Callistephus,China Aster
Carthamus tinctorius,Asteraceae,Carthamus,Safflower
Centaurea cyanus,Asteraceae,Centaurea,"Cornflower,Bachelor's Button"
Silybum marianum,Asteraceae,Silybum,Milk Thistle
Stevia rebaudiana,Asteraceae,Stevia,"Stevia,Sweetleaf"
Tanacetum cinerariifolium,Asteraceae,Tanacetum,Pyrethrum Daisy
Tanacetum vulgare,Asteraceae,Tanacetum,Tansy
Guizotia abyssinica,Asteraceae,Guizotia,Niger Seed
Cucurbita pepo,Cucurbitaceae,Cucurbita,"Zucchini,Pumpkin,Acorn Squash,Summer Squash"
Cucurbita maxima,Cucurbitaceae,Cucurbita,"Winter Squash,Hubbard Squash,Kabocha"
Cucurbita moschata,Cucurbitaceae,Cucurbita,"Butternut Squash,Crookneck Squash"
Citrullus lanatus,Cucurbitaceae,Citrullus,Watermelon
Cucumis sativus,Cucurbitaceae,Cucumis,Cucumber
Cucumis melo,Cucurbitaceae,Cucumis,"Cantaloupe,Honeydew,Muskmelon"
Lagenaria siceraria,Cucurbitaceae,Lagenaria,"Bottle Gourd,Calabash"
Momordica charantia,Cucurbitaceae,Momordica,"Bitter Melon,Bitter Gourd"
Sechium edule,Cucurbitaceae,Sechium,Chayote
Benincasa hispida,Cucurbitaceae,Benincasa,"Winter Melon,Ash Gourd"
Ecballium elaterium,Cucurbitaceae,Ecballium,Squirting Cucumber
Ocimum basilicum,Lamiaceae,Ocimum,"Basil,Sweet Basil"
Salvia officinalis,Lamiaceae,Salvia,"Common Sage,Garden Sage"
Salvia hispanica,Lamiaceae,Salvia,Chia
Salvia rosmarinus,Lamiaceae,Salvia,Rosemary
Thymus vulgaris,Lamiaceae,Thymus,"Common Thyme,Garden Thyme"
Origanum vulgare,Lamiaceae,Origanum,"Oregano,Wild Marjoram"
Origanum majorana,Lamiaceae,Origanum,Marjoram
Mentha spicata,Lamiaceae,Mentha,Spearmint
Mentha × piperita,Lamiaceae,Mentha,Peppermint
Lavandula angustifolia,Lamiaceae,Lavandula,"Lavender,English Lavender"
Monarda didyma,Lamiaceae,Monarda,"Bee Balm,Oswego Tea"
Plectranthus scutellarioides,Lamiaceae,Plectranthus,Coleus
Agastache foeniculum,Lamiaceae,Agastache,Anise Hyssop
Hyssopus officinalis,Lamiaceae,Hyssopus,Hyssop
Lamium album,Lamiaceae,Lamium,White Dead-nettle
Marrubium vulgare,Lamiaceae,Marrubium,White Horehound
Melissa officinalis,Lamiaceae,Melissa,Lemon Balm
Nepeta cataria,Lamiaceae,Nepeta,"Catnip,Catmint"
Perilla frutescens,Lamiaceae,Perilla,"Perilla,Shiso"
Prunella vulgaris,Lamiaceae,Prunella,"Self-heal,Heal-all"
Salvia splendens,Lamiaceae,Salvia,Scarlet Sage
Satureja hortensis,Lamiaceae,Satureja,Summer Savory
Satureja montana,Lamiaceae,Satureja,Winter Savory
Scutellaria lateriflora,Lamiaceae,Scutellaria,Skullcap
Stachys byzantina,Lamiaceae,Stachys,Lamb's-ear
Teucrium chamaedrys,Lamiaceae,Teucrium,Wall Germander
Tectona grandis,Lamiaceae,Tectona,Teak
Vitex agnus-castus,Lamiaceae,Vitex,Chaste Tree
Daucus carota,Apiaceae,Daucus,Carrot
Pastinaca sativa,Apiaceae,Pastinaca,Parsnip
Apium graveolens,Apiaceae,Apium,"Celery,Celeriac"
Petroselinum crispum,Apiaceae,Petroselinum,Parsley
Anethum graveolens,Apiaceae,Anethum,Dill
Coriandrum sativum,Apiaceae,Coriandrum,"Coriander,Cilantro"
Foeniculum vulgare,Apiaceae,Foeniculum,Fennel
Conium maculatum,Apiaceae,Conium,Poison Hemlock
Aegopodium podagraria,Apiaceae,Aegopodium,"Goutweed,Bishop's Weed"
Angelica archangelica,Apiaceae,Angelica,Garden Angelica
Anthriscus cerefolium,Apiaceae,Anthriscus,Chervil
Astrantia major,Apiaceae,Astrantia,Great Masterwort
Carum carvi,Apiaceae,Carum,Caraway
Cuminum cyminum,Apiaceae,Cuminum,Cumin
Eryngium maritimum,Apiaceae,Eryngium,Sea Holly
Levisticum officinale,Apiaceae,Levisticum,Lovage
Myrrhis odorata,Apiaceae,Myrrhis,Sweet Cicely
Pimpinella anisum,Apiaceae,Pimpinella,"Anise,Aniseed"
Heracleum sphondylium,Apiaceae,Heracleum,"Hogweed,Cow Parsnip"
Acer saccharum,Sapindaceae,Acer,Sugar Maple
Acer platanoides,Sapindaceae,Acer,Norway Maple
Acer pseudoplatanus,Sapindaceae,Acer,Sycamore Maple
Acer palmatum,Sapindaceae,Acer,Japanese Maple
Acer rubrum,Sapindaceae,Acer,Red Maple
Aesculus hippocastanum,Sapindaceae,Aesculus,Horse-chestnut
Koelreuteria paniculata,Sapindaceae,Koelreuteria,Golden Rain Tree
Litchi chinensis,Sapindaceae,Litchi,Lychee
Nephelium lappaceum,Sapindaceae,Nephelium,Rambutan
Paullinia cupana,Sapindaceae,Paullinia,Guaraná
Sapindus saponaria,Sapindaceae,Sapindus,Soapberry
Cardiospermum halicacabum,Sapindaceae,Cardiospermum,Balloon Vine
Dodonaea viscosa,Sapindaceae,Dodonaea,Hopseed Bush
Quercus robur,Fagaceae,Quercus,"English Oak,Pedunculate Oak"
Quercus rubra,Fagaceae,Quercus,Red Oak
Quercus alba,Fagaceae,Quercus,White Oak
Quercus suber,Fagaceae,Quercus,Cork Oak
Quercus ilex,Fagaceae,Quercus,Holm Oak
Fagus sylvatica,Fagaceae,Fagus,European Beech
Fagus grandifolia,Fagaceae,Fagus,American Beech
Castanea sativa,Fagaceae,Castanea,Sweet Chestnut
Castanea dentata,Fagaceae,Castanea,American Chestnut
Castanea mollissima,Fagaceae,Castanea,Chinese Chestnut
Betula pendula,Betulaceae,Betula,"Silver Birch,European White Birch"
Betula papyrifera,Betulaceae,Betula,"Paper Birch,Canoe Birch"
Alnus glutinosa,Betulaceae,Alnus,"Common Alder,Black Alder"
Corylus avellana,Betulaceae,Corylus,"Common Hazel,Cobnut"
Corylus maxima,Betulaceae,Corylus,Filbert
Carpinus betulus,Betulaceae,Carpinus,European Hornbeam
Ostrya virginiana,Betulaceae,Ostrya,"American Hophornbeam,Ironwood"
Salix alba,Salicaceae,Salix,White Willow
Salix babylonica,Salicaceae,Salix,Weeping Willow
Populus tremula,Salicaceae,Populus,European Aspen
Populus nigra,Salicaceae,Populus,Black Poplar
Populus deltoides,Salicaceae,Populus,Eastern Cottonwood
Populus balsamifera,Salicaceae,Populus,Balsam Poplar
Fraxinus excelsior,Oleaceae,Fraxinus,"European Ash,Common Ash"
Fraxinus americana,Oleaceae,Fraxinus,White Ash
Syringa vulgaris,Oleaceae,Syringa,Common Lilac
Forsythia × intermedia,Oleaceae,Forsythia,Border Forsythia
Olea europaea,Oleaceae,Olea,Olive
Ligustrum vulgare,Oleaceae,Ligustrum,"Common Privet,Wild Privet"
Jasminum officinale,Oleaceae,Jasminum,"Common Jasmine,Poet's Jasmine"
Osmanthus fragrans,Oleaceae,Osmanthus,"Sweet Olive,Tea Olive"
Chionanthus virginicus,Oleaceae,Chionanthus,White Fringetree
Nyctanthes arbor-tristis,Oleaceae,Nyctanthes,"Night-flowering Jasmine,Parijat"
Rhododendron ponticum,Ericaceae,Rhododendron,Common Rhododendron
Vaccinium myrtillus,Ericaceae,Vaccinium,"Bilberry,European Blueberry"
Vaccinium macrocarpon,Ericaceae,Vaccinium,"Cranberry,American Cranberry"
Vaccinium corymbosum,Ericaceae,Vaccinium,Highbush Blueberry
Vaccinium vitis-idaea,Ericaceae,Vaccinium,"Lingonberry,Cowberry"
Calluna vulgaris,Ericaceae,Calluna,"Heather,Ling"
Erica carnea,Ericaceae,Erica,"Winter Heath,Alpine Heath"
Arbutus unedo,Ericaceae,Arbutus,Strawberry Tree
Gaultheria procumbens,Ericaceae,Gaultheria,"Wintergreen,Teaberry"
Kalmia latifolia,Ericaceae,Kalmia,Mountain Laurel
Pieris japonica,Ericaceae,Pieris,Japanese Andromeda
Arctostaphylos uva-ursi,Ericaceae,Arctostaphylos,"Bearberry,Kinnikinnick"
Oxydendrum arboreum,Ericaceae,Oxydendrum,Sourwood
Gaylussacia baccata,Ericaceae,Gaylussacia,Black Huckleberry
Hydrangea macrophylla,Hydrangeaceae,Hydrangea,"Bigleaf Hydrangea,Mophead Hydrangea"
Hydrangea paniculata,Hydrangeaceae,Hydrangea,Panicle Hydrangea
Philadelphus coronarius,Hydrangeaceae,Philadelphus,Mock-orange
Deutzia scabra,Hydrangeaceae,Deutzia,Fuzzy Deutzia
Carpenteria californica,Hydrangeaceae,Carpenteria,Tree Anemone
Schizophragma hydrangeoides,Hydrangeaceae,Schizophragma,Japanese Hydrangea Vine
Lonicera periclymenum,Caprifoliaceae,Lonicera,"Honeysuckle,Woodbine"
Viburnum opulus,Adoxaceae,Viburnum,"Guelder-rose,European Cranberrybush"
Viburnum tinus,Adoxaceae,Viburnum,Laurustinus
Viburnum lantana,Adoxaceae,Viburnum,Wayfaring tree
Sambucus nigra,Adoxaceae,Sambucus,"Elder,European Elderberry"
Sambucus canadensis,Adoxaceae,Sambucus,American Elder
Adoxa moschatellina,Adoxaceae,Adoxa,Moschatel
Weigela florida,Caprifoliaceae,Weigela,Old-fashioned Weigela
Kolkwitzia amabilis,Caprifoliaceae,Kolkwitzia,Beauty Bush
Symphoricarpos albus,Caprifoliaceae,Symphoricarpos,Common Snowberry
Valeriana officinalis,Caprifoliaceae,Valeriana,Valerian
Centranthus ruber,Caprifoliaceae,Centranthus,Red Valerian
Dipsacus fullonum,Caprifoliaceae,Dipsacus,Fuller's Teasel
Scabiosa columbaria,Caprifoliaceae,Scabiosa,"Small Scabious,Pincushion Flower"
Knautia arvensis,Caprifoliaceae,Knautia,Field Scabious
Anemone nemorosa,Ranunculaceae,Anemone,Wood Anemone
Anemone coronaria,Ranunculaceae,Anemone,Poppy Anemone
Aquilegia vulgaris,Ranunculaceae,Aquilegia,"Common Columbine,Granny's Bonnet"
Clematis vitalba,Ranunculaceae,Clematis,"Old Man's Beard,Traveller's Joy"
Delphinium elatum,Ranunculaceae,Delphinium,"Larkspur,Alpine Delphinium"
Helleborus niger,Ranunculaceae,Helleborus,Christmas Rose
Pulsatilla vulgaris,Ranunculaceae,Pulsatilla,Pasque Flower
Ranunculus acris,Ranunculaceae,Ranunculus,Meadow Buttercup
Trollius europaeus,Ranunculaceae,Trollius,Globeflower
Aconitum napellus,Ranunculaceae,Aconitum,"Monk's Hood,Wolf's Bane"
Actaea spicata,Ranunculaceae,Actaea,Baneberry
Adonis vernalis,Ranunculaceae,Adonis,Pheasant's Eye
Caltha palustris,Ranunculaceae,Caltha,"Marsh-marigold,Kingcup"
Consolida ajacis,Ranunculaceae,Consolida,Rocket Larkspur
Eranthis hyemalis,Ranunculaceae,Eranthis,Winter Aconite
Hydrastis canadensis,Ranunculaceae,Hydrastis,Goldenseal
Nigella damascena,Ranunculaceae,Nigella,Love-in-a-mist
Nigella sativa,Ranunculaceae,Nigella,Black Cumin
Paeonia officinalis,Paeoniaceae,Paeonia,"Common Peony,European Peony"
Paeonia lactiflora,Paeoniaceae,Paeonia,Chinese Peony
Paeonia suffruticosa,Paeoniaceae,Paeonia,Tree Peony
Papaver somniferum,Papaveraceae,Papaver,Opium Poppy
Papaver rhoeas,Papaveraceae,Papaver,"Common Poppy,Corn Poppy"
Eschscholzia californica,Papaveraceae,Eschscholzia,California Poppy
Meconopsis betonicifolia,Papaveraceae,Meconopsis,Himalayan Blue Poppy
Chelidonium majus,Papaveraceae,Chelidonium,Greater Celandine
Lamprocapnos spectabilis,Papaveraceae,Lamprocapnos,Bleeding Heart
Fumaria officinalis,Papaveraceae,Fumaria,Common Fumitory
Macleaya cordata,Papaveraceae,Macleaya,Plume Poppy
Sanguinaria canadensis,Papaveraceae,Sanguinaria,Bloodroot
Stylophorum diphyllum,Papaveraceae,Stylophorum,Celandine-poppy
Ficus carica,Moraceae,Ficus,Common Fig
Ficus elastica,Moraceae,Ficus,Rubber Plant
Ficus lyrata,Moraceae,Ficus,Fiddle-leaf Fig
Ficus benjamina,Moraceae,Ficus,Weeping Fig
Morus nigra,Moraceae,Morus,Black Mulberry
Morus alba,Moraceae,Morus,White Mulberry
Morus rubra,Moraceae,Morus,Red Mulberry
Artocarpus altilis,Moraceae,Artocarpus,Breadfruit
Artocarpus heterophyllus,Moraceae,Artocarpus,Jackfruit
Broussonetia papyrifera,Moraceae,Broussonetia,Paper Mulberry
Maclura pomifera,Moraceae,Maclura,"Osage-orange,Hedge Apple"
Ficus pumila,Moraceae,Ficus,Creeping Fig
Humulus lupulus,Cannabaceae,Humulus,Common Hop
Cannabis sativa,Cannabaceae,Cannabis,"Hemp,Marijuana"
Celtis occidentalis,Cannabaceae,Celtis,Common Hackberry
Ulmus procera,Ulmaceae,Ulmus,English Elm
Ulmus americana,Ulmaceae,Ulmus,American Elm
Zelkova serrata,Ulmaceae,Zelkova,Japanese Zelkova
Urtica dioica,Urticaceae,Urtica,Stinging Nettle
Pilea cadierei,Urticaceae,Pilea,Aluminium Plant
Boehmeria nivea,Urticaceae,Boehmeria,Ramie
Parietaria judaica,Urticaceae,Parietaria,Spreading Pellitory
Soleirolia soleirolii,Urticaceae,Soleirolia,"Baby's Tears,Mind-your-own-business"
Juglans regia,Juglandaceae,Juglans,"Common Walnut,English Walnut"
Juglans nigra,Juglandaceae,Juglans,Black Walnut
Carya illinoinensis,Juglandaceae,Carya,Pecan
Carya ovata,Juglandaceae,Carya,Shagbark Hickory
Pterocarya fraxinifolia,Juglandaceae,Pterocarya,Caucasian Wingnut
Dianthus caryophyllus,Caryophyllaceae,Dianthus,"Carnation,Clove Pink"
Gypsophila paniculata,Caryophyllaceae,Gypsophila,Baby's-breath
Silene dioica,Caryophyllaceae,Silene,Red Campion
Silene coronaria,Caryophyllaceae,Lychnis,Rose Campion
Stellaria media,Caryophyllaceae,Stellaria,Chickweed
Agrostemma githago,Caryophyllaceae,Agrostemma,Common Corn-cockle
Cerastium tomentosum,Caryophyllaceae,Cerastium,Snow-in-Summer
Dianthus barbatus,Caryophyllaceae,Dianthus,Sweet William
Saponaria officinalis,Caryophyllaceae,Saponaria,"Soapwort,Bouncing Bet"
Silene vulgaris,Caryophyllaceae,Silene,Bladder Campion
Arenaria montana,Caryophyllaceae,Arenaria,Mountain Sandwort
Sagina subulata,Caryophyllaceae,Sagina,Irish Moss
Amaranthus caudatus,Amaranthaceae,Amaranthus,"Love-lies-bleeding,Tassel Flower"
Amaranthus cruentus,Amaranthaceae,Amaranthus,"Red Amaranth,Prince's feather"
Chenopodium album,Amaranthaceae,Chenopodium,"Lamb's Quarters,White Goosefoot"
Chenopodium quinoa,Amaranthaceae,Chenopodium,Quinoa
Spinacia oleracea,Amaranthaceae,Spinacia,Spinach
Beta vulgaris,Amaranthaceae,Beta,"Beet,Beetroot,Sugar Beet,Chard"
Atriplex hortensis,Amaranthaceae,Atriplex,"Garden Orache,Red Orach"
Celosia argentea,Amaranthaceae,Celosia,"Silver Cockscomb,Plumed Cockscomb"
Dysphania ambrosioides,Amaranthaceae,Dysphania,"Epazote,Mexican-tea"
Gomphrena globosa,Amaranthaceae,Gomphrena,Globe Amaranth
Salicornia europaea,Amaranthaceae,Salicornia,"Glasswort,Marsh Samphire"
Suaeda maritima,Amaranthaceae,Suaeda,Annual Seablite
Portulaca oleracea,Portulacaceae,Portulaca,Common Purslane
Portulaca grandiflora,Portulacaceae,Portulaca,"Moss Rose,Eleven o'clock"
Claytonia perfoliata,Montiaceae,Claytonia,"Miner's Lettuce,Winter Purslane"
Lewisia rediviva,Montiaceae,Lewisia,Bitterroot
Talinum paniculatum,Talinaceae,Talinum,Jewels-of-Opar
Basella alba,Basellaceae,Basella,"Malabar Spinach,Vine Spinach"
Opuntia ficus-indica,Cactaceae,Opuntia,"Prickly Pear,Indian Fig"
Schlumbergera truncata,Cactaceae,Schlumbergera,"Thanksgiving Cactus,Crab Cactus"
Epiphyllum oxypetalum,Cactaceae,Epiphyllum,Queen of the Night
Selenicereus grandiflorus,Cactaceae,Selenicereus,Queen of the Night
Hylocereus undatus,Cactaceae,Hylocereus,"Dragon Fruit,Pitaya"
Carnegiea gigantea,Cactaceae,Carnegiea,Saguaro
Echinocactus grusonii,Cactaceae,Echinocactus,Golden Barrel Cactus
Echinopsis pachanoi,Cactaceae,Echinopsis,San Pedro Cactus
Lophophora williamsii,Cactaceae,Lophophora,Peyote
Phytolacca americana,Phytolaccaceae,Phytolacca,American Pokeweed
Rivina humilis,Phytolaccaceae,Rivina,Pigeonberry
Aptenia cordifolia,Aizoaceae,Aptenia,Heartleaf Iceplant
Carpobrotus edulis,Aizoaceae,Carpobrotus,"Hottentot-fig,Ice Plant"
Dorotheanthus bellidiformis,Aizoaceae,Dorotheanthus,Livingstone Daisy
Lithops lesliei,Aizoaceae,Lithops,Living Stones
Mesembryanthemum crystallinum,Aizoaceae,Mesembryanthemum,Common Ice Plant
Tetragonia tetragonioides,Aizoaceae,Tetragonia,"New Zealand Spinach,Warrigal Greens"
Platanus × acerifolia,Platanaceae,Platanus,London Plane
Platanus occidentalis,Platanaceae,Platanus,American Sycamore
Nelumbo nucifera,Nelumbonaceae,Nelumbo,Sacred Lotus
Nymphaea alba,Nymphaeaceae,Nymphaea,White Water-lily
Nuphar lutea,Nymphaeaceae,Nuphar,Yellow Water-lily
Victoria amazonica,Nymphaeaceae,Victoria,Giant Water Lily
Ceratophyllum demersum,Ceratophyllaceae,Ceratophyllum,Hornwort
Magnolia grandiflora,Magnoliaceae,Magnolia,"Southern Magnolia,Bull Bay"
Magnolia stellata,Magnoliaceae,Magnolia,Star Magnolia
Liriodendron tulipifera,Magnoliaceae,Liriodendron,"Tulip Tree,Yellow Poplar"
Magnolia figo,Magnoliaceae,Magnolia,Banana Shrub
Annona muricata,Annonaceae,Annona,"Soursop,Guanabana"
Annona squamosa,Annonaceae,Annona,"Sugar-apple,Sweetsop"
Asimina triloba,Annonaceae,Asimina,Pawpaw
Cananga odorata,Annonaceae,Cananga,Ylang-ylang
Laurus nobilis,Lauraceae,Laurus,"Bay Laurel,Sweet Bay"
Cinnamomum verum,Lauraceae,Cinnamomum,"Ceylon Cinnamon,True Cinnamon"
Cinnamomum cassia,Lauraceae,Cinnamomum,"Cassia,Chinese Cinnamon"
Persea americana,Lauraceae,Persea,Avocado
Sassafras albidum,Lauraceae,Sassafras,Sassafras
Lindera benzoin,Lauraceae,Lindera,Spicebush
Umbellularia californica,Lauraceae,Umbellularia,California Bay Laurel
Aristolochia macrophylla,Aristolochiaceae,Aristolochia,Dutchman's Pipe
Asarum canadense,Aristolochiaceae,Asarum,Wild Ginger
Piper nigrum,Piperaceae,Piper,Black Pepper
Piper methysticum,Piperaceae,Piper,Kava
Peperomia obtusifolia,Piperaceae,Peperomia,"Baby Rubber Plant,Pepper Face"
Saururus cernuus,Saururaceae,Saururus,Lizard's Tail
Houttuynia cordata,Saururaceae,Houttuynia,"Chameleon Plant,Fish Mint"
Pachysandra terminalis,Buxaceae,Pachysandra,Japanese Spurge
Buxus sempervirens,Buxaceae,Buxus,"Common Boxwood,European Box"
Sarcococca hookeriana,Buxaceae,Sarcococca,Sweet Box
Berberis vulgaris,Berberidaceae,Berberis,Common Barberry
Berberis thunbergii,Berberidaceae,Berberis,Japanese Barberry
Mahonia aquifolium,Berberidaceae,Mahonia,Oregon Grape
Podophyllum peltatum,Berberidaceae,Podophyllum,Mayapple
Nandina domestica,Berberidaceae,Nandina,Heavenly Bamboo
Epimedium grandiflorum,Berberidaceae,Epimedium,"Barrenwort,Bishop's Hat"
Caulophyllum thalictroides,Berberidaceae,Caulophyllum,Blue Cohosh
Plumbago auriculata,Plumbaginaceae,Plumbago,"Cape Leadwort,Blue Plumbago"
Armeria maritima,Plumbaginaceae,Armeria,"Thrift,Sea Pink"
Limonium latifolium,Plumbaginaceae,Limonium,"Sea Lavender,Statice"
Ceratostigma plumbaginoides,Plumbaginaceae,Ceratostigma,Hardy Plumbago
Diospyros kaki,Ebenaceae,Diospyros,"Japanese Persimmon,Kaki"
Diospyros virginiana,Ebenaceae,Diospyros,American Persimmon
Diospyros lotus,Ebenaceae,Diospyros,Date-plum
Styrax japonicus,Styracaceae,Styrax,Japanese Snowbell
Halesia carolina,Styracaceae,Halesia,Carolina Silverbell
Styrax benzoin,Styracaceae,Styrax,Benzoin resin tree
Camellia sinensis,Theaceae,Camellia,Tea Plant
Camellia japonica,Theaceae,Camellia,"Common Camellia,Japanese Camellia"
Stewartia pseudocamellia,Theaceae,Stewartia,Japanese Stewartia
Franklinia alatamaha,Theaceae,Franklinia,Franklin Tree
Gordonia lasianthus,Theaceae,Gordonia,Loblolly Bay
Actinidia deliciosa,Actinidiaceae,Actinidia,"Kiwifruit,Chinese Gooseberry"
Actinidia arguta,Actinidiaceae,Actinidia,"Hardy Kiwi,Kiwi Berry"
Clethra alnifolia,Clethraceae,Clethra,"Summersweet,Sweet Pepperbush"
Fuchsia magellanica,Onagraceae,Fuchsia,Hardy Fuchsia
Oenothera biennis,Onagraceae,Oenothera,Common Evening Primrose
Clarkia amoena,Onagraceae,Clarkia,"Godetia,Farewell to Spring"
Epilobium angustifolium,Onagraceae,Epilobium,"Fireweed,Rosebay Willowherb"
Gaura lindheimeri,Onagraceae,Gaura,"White Gaura,Bee-blossom"
Lythrum salicaria,Lythraceae,Lythrum,Purple Loosestrife
Punica granatum,Lythraceae,Punica,Pomegranate
Lagerstroemia indica,Lythraceae,Lagerstroemia,Crape Myrtle
Cuphea hyssopifolia,Lythraceae,Cuphea,"False Heather,Mexican Heather"
Lawsonia inermis,Lythraceae,Lawsonia,Henna Tree
Myrtus communis,Myrtaceae,Myrtus,Common Myrtle
Eucalyptus globulus,Myrtaceae,Eucalyptus,Tasmanian Blue Gum
Eucalyptus citriodora,Myrtaceae,Eucalyptus,Lemon-scented Gum
Syzygium aromaticum,Myrtaceae,Syzygium,Clove
Psidium guajava,Myrtaceae,Psidium,"Common Guava,Lemon Guava"
Acca sellowiana,Myrtaceae,Acca,"Feijoa,Pineapple Guava"
Callistemon citrinus,Myrtaceae,Callistemon,Crimson Bottlebrush
Leptospermum scoparium,Myrtaceae,Leptospermum,"Mānuka,Tea Tree"
Melaleuca alternifolia,Myrtaceae,Melaleuca,Tea Tree
Metrosideros excelsa,Myrtaceae,Metrosideros,"Pōhutukawa,New Zealand Christmas Tree"
Pimenta dioica,Myrtaceae,Pimenta,"Allspice,Jamaica Pepper"
Syzygium jambos,Myrtaceae,Syzygium,Rose Apple
Ugni molinae,Myrtaceae,Ugni,"Chilean Guava,Strawberry Myrtle"
Pimenta racemosa,Myrtaceae,Pimenta,Bay Rum Tree
Vitis vinifera,Vitaceae,Vitis,Common Grape Vine
Vitis labrusca,Vitaceae,Vitis,"Fox Grape,Concord Grape"
Vitis riparia,Vitaceae,Vitis,Riverbank Grape
Parthenocissus quinquefolia,Vitaceae,Parthenocissus,Virginia Creeper
Parthenocissus tricuspidata,Vitaceae,Parthenocissus,"Boston Ivy,Japanese Creeper"
Ampelopsis brevipedunculata,Vitaceae,Ampelopsis,Porcelain Berry
Cissus rhombifolia,Vitaceae,Cissus,Grape Ivy
Geranium sanguineum,Geraniaceae,Geranium,Bloody Crane's-bill
Geranium maculatum,Geraniaceae,Geranium,"Spotted Geranium,Wild Crane's-bill"
Erodium cicutarium,Geraniaceae,Erodium,Common Stork's-bill
Pelargonium zonale,Geraniaceae,Pelargonium,"Zonal Geranium,Horseshoe Geranium"
Pelargonium peltatum,Geraniaceae,Pelargonium,Ivy-leaved Geranium
Pelargonium graveolens,Geraniaceae,Pelargonium,Rose Geranium
Tropaeolum majus,Tropaeolaceae,Tropaeolum,"Garden Nasturtium,Indian Cress"
Oxalis acetosella,Oxalidaceae,Oxalis,Wood Sorrel
Oxalis corniculata,Oxalidaceae,Oxalis,Creeping Woodsorrel
Oxalis tuberosa,Oxalidaceae,Oxalis,"Oca,New Zealand Yam"
Averrhoa carambola,Oxalidaceae,Averrhoa,"Starfruit,Carambola"
Linum usitatissimum,Linaceae,Linum,"Flax,Linseed"
Linum grandiflorum,Linaceae,Linum,"Flowering Flax,Scarlet Flax"
Erythroxylum coca,Erythroxylaceae,Erythroxylum,Coca Plant
Zanthoxylum americanum,Rutaceae,Zanthoxylum,"Prickly Ash,Toothache Tree"
Citrus × sinensis,Rutaceae,Citrus,Sweet Orange
Citrus × limon,Rutaceae,Citrus,Lemon
Citrus aurantiifolia,Rutaceae,Citrus,"Key Lime,Mexican Lime"
Citrus reticulata,Rutaceae,Citrus,"Mandarin Orange,Tangerine"
Citrus × paradisi,Rutaceae,Citrus,Grapefruit
Citrus medica,Rutaceae,Citrus,Citron
Citrus hystrix,Rutaceae,Citrus,"Kaffir Lime,Makrut Lime"
Ruta graveolens,Rutaceae,Ruta,Common Rue
Choisya ternata,Rutaceae,Choisya,Mexican Orange Blossom
Dictamnus albus,Rutaceae,Dictamnus,"Burning Bush,Gas Plant"
Citrus japonica,Rutaceae,Citrus,"Kumquat,Marumi Kumquat"
Murraya paniculata,Rutaceae,Murraya,"Orange Jessamine,Mock Orange"
Murraya koenigii,Rutaceae,Murraya,Curry leaf tree
Phellodendron amurense,Rutaceae,Phellodendron,Amur Cork Tree
Poncirus trifoliata,Rutaceae,Poncirus,"Japanese Bitter-orange,Hardy Orange"
Skimmia japonica,Rutaceae,Skimmia,Japanese Skimmia
Melia azedarach,Meliaceae,Melia,"Chinaberry,Persian Lilac"
Azadirachta indica,Meliaceae,Azadirachta,Neem Tree
Swietenia mahagoni,Meliaceae,Swietenia,West Indian Mahogany
Toona ciliata,Meliaceae,Toona,Australian Red Cedar
Lansium domesticum,Meliaceae,Lansium,"Langsat,Lanzones"
Sandoricum koetjape,Meliaceae,Sandoricum,Santol
Ailanthus altissima,Simaroubaceae,Ailanthus,Tree of Heaven
Bursera simaruba,Burseraceae,Bursera,"Gumbo-limbo,Tourist Tree"
Boswellia sacra,Burseraceae,Boswellia,Frankincense Tree
Commiphora myrrha,Burseraceae,Commiphora,Myrrh Tree
Pistacia vera,Anacardiaceae,Pistacia,Pistachio
Mangifera indica,Anacardiaceae,Mangifera,Mango
Anacardium occidentale,Anacardiaceae,Anacardium,Cashew
Toxicodendron radicans,Anacardiaceae,Toxicodendron,Poison Ivy
Rhus typhina,Anacardiaceae,Rhus,Staghorn Sumac
Schinus molle,Anacardiaceae,Schinus,Peruvian Peppertree
Pistacia lentiscus,Anacardiaceae,Pistacia,Mastic Tree
Spondias dulcis,Anacardiaceae,Spondias,"Ambarella,June Plum"
Cotinus coggygria,Anacardiaceae,Cotinus,"Smoke Tree,Smokebush"
Harpephyllum caffrum,Anacardiaceae,Harpephyllum,Wild Plum
Ilex aquifolium,Aquifoliaceae,Ilex,"European Holly,Common Holly"
Ilex opaca,Aquifoliaceae,Ilex,American Holly
Ilex crenata,Aquifoliaceae,Ilex,"Japanese Holly,Box-leaved Holly"
Ilex paraguariensis,Aquifoliaceae,Ilex,Yerba Maté
Ilex vomitoria,Aquifoliaceae,Ilex,Yaupon Holly
Euonymus europaeus,Celastraceae,Euonymus,"Spindle,European Spindle"
Euonymus alatus,Celastraceae,Euonymus,"Winged Spindle,Burning Bush"
Celastrus scandens,Celastraceae,Celastrus,American Bittersweet
Catha edulis,Celastraceae,Catha,Khat
Daphne mezereum,Thymelaeaceae,Daphne,Mezereon
Daphne odora,Thymelaeaceae,Daphne,Winter Daphne
Edgeworthia chrysantha,Thymelaeaceae,Edgeworthia,Paperbush
Dirca palustris,Thymelaeaceae,Dirca,Leatherwood
Protea cynaroides,Proteaceae,Protea,King Protea
Banksia serrata,Proteaceae,Banksia,"Old Man Banksia,Saw Banksia"
Grevillea robusta,Proteaceae,Grevillea,Silky Oak
Hakea laurina,Proteaceae,Hakea,Pincushion Hakea
Leucadendron argenteum,Proteaceae,Leucadendron,Silver Tree
Leucospermum cordifolium,Proteaceae,Leucospermum,Nodding Pincushion
Macadamia integrifolia,Proteaceae,Macadamia,Macadamia Nut
Telopea speciosissima,Proteaceae,Telopea,Waratah
Viscum album,Santalaceae,Viscum,European Mistletoe
Santalum album,Santalaceae,Santalum,Indian Sandalwood
Cornus mas,Cornaceae,Cornus,Cornelian Cherry Dogwood
Cornus florida,Cornaceae,Cornus,Flowering Dogwood
Cornus kousa,Cornaceae,Cornus,Kousa Dogwood
Davidia involucrata,Nyssaceae,Davidia,"Dove Tree,Handkerchief Tree"
Nyssa sylvatica,Nyssaceae,Nyssa,"Black Gum,Tupelo"
Aucuba japonica,Garryaceae,Aucuba,"Spotted Laurel,Japanese Laurel"
Garrya elliptica,Garryaceae,Garrya,Silk Tassel Bush
Vinca minor,Apocynaceae,Vinca,Lesser Periwinkle
Catharanthus roseus,Apocynaceae,Catharanthus,Madagascar Periwinkle
Nerium oleander,Apocynaceae,Nerium,Oleander
Plumeria rubra,Apocynaceae,Plumeria,Frangipani
Asclepias syriaca,Apocynaceae,Asclepias,Common Milkweed
Asclepias tuberosa,Apocynaceae,Asclepias,Butterfly Weed
Carissa macrocarpa,Apocynaceae,Carissa,Natal Plum
Hoya carnosa,Apocynaceae,Hoya,Wax Plant
Mandevilla sanderi,Apocynaceae,Mandevilla,Brazilian Jasmine
Rauvolfia serpentina,Apocynaceae,Rauvolfia,Indian Snakeroot
Stapelia gigantea,Apocynaceae,Stapelia,Giant Carrion Flower
Trachelospermum jasminoides,Apocynaceae,Trachelospermum,Star Jasmine
Adenium obesum,Apocynaceae,Adenium,Desert Rose
Coffea arabica,Rubiaceae,Coffea,Arabica Coffee
Coffea canephora,Rubiaceae,Coffea,Robusta Coffee
Gardenia jasminoides,Rubiaceae,Gardenia,"Common Gardenia,Cape Jasmine"
Galium aparine,Rubiaceae,Galium,"Cleavers,Goosegrass"
Rubia tinctorum,Rubiaceae,Rubia,"Madder,Common Madder"
Galium odoratum,Rubiaceae,Galium,Sweet Woodruff
Cephalanthus occidentalis,Rubiaceae,Cephalanthus,Buttonbush
Cinchona officinalis,Rubiaceae,Cinchona,Quinine Tree
Coprosma repens,Rubiaceae,Coprosma,Mirror Plant
Hamelia patens,Rubiaceae,Hamelia,Firebush
Ixora coccinea,Rubiaceae,Ixora,Jungle Geranium
Mitchella repens,Rubiaceae,Mitchella,Partridge Berry
Morinda citrifolia,Rubiaceae,Morinda,"Noni,Indian Mulberry"
Pentas lanceolata,Rubiaceae,Pentas,Egyptian Starcluster
Psychotria viridis,Rubiaceae,Psychotria,Chacruna
Uncaria tomentosa,Rubiaceae,Uncaria,Cat's Claw
Pausinystalia johimbe,Rubiaceae,Pausinystalia,Yohimbe
Gentiana lutea,Gentianaceae,Gentiana,Great Yellow Gentian
Gentiana acaulis,Gentianaceae,Gentiana,Stemless Gentian
Eustoma grandiflorum,Gentianaceae,Eustoma,Lisianthus
Centaurium erythraea,Gentianaceae,Centaurium,Common Centaury
Swertia chirata,Gentianaceae,Swertia,Chirayita
Strychnos nux-vomica,Loganiaceae,Strychnos,Strychnine Tree
Gelsemium sempervirens,Gelsemiaceae,Gelsemium,Yellow Jessamine
Buddleja davidii,Scrophulariaceae,Buddleja,Butterfly Bush
Verbascum thapsus,Scrophulariaceae,Verbascum,Great Mullein
Scrophularia nodosa,Scrophulariaceae,Scrophularia,Figwort
Lantana camara,Verbenaceae,Lantana,Common Lantana
Verbena officinalis,Verbenaceae,Verbena,Common Vervain
Verbena bonariensis,Verbenaceae,Verbena,Purpletop Vervain
Aloysia citrodora,Verbenaceae,Aloysia,Lemon Verbena
Duranta erecta,Verbenaceae,Duranta,Golden Dewdrop
Lippia graveolens,Verbenaceae,Lippia,Mexican Oregano
Petrea volubilis,Verbenaceae,Petrea,Purple Wreath
Callicarpa americana,Lamiaceae,Callicarpa,American Beautyberry
Clerodendrum trichotomum,Lamiaceae,Clerodendrum,Harlequin Glorybower
Acanthus mollis,Acanthaceae,Acanthus,Bear's Breeches
Justicia brandegeeana,Acanthaceae,Justicia,Shrimp Plant
Ruellia simplex,Acanthaceae,Ruellia,Mexican Petunia
Hypoestes phyllostachya,Acanthaceae,Hypoestes,Polka Dot Plant
Thunbergia alata,Acanthaceae,Thunbergia,Black-eyed Susan Vine
Aphelandra squarrosa,Acanthaceae,Aphelandra,Zebra Plant
Fittonia albivenis,Acanthaceae,Fittonia,Nerve Plant
Sesamum indicum,Pedaliaceae,Sesamum,Sesame
Harpagophytum procumbens,Pedaliaceae,Harpagophytum,Devil's Claw
Proboscidea louisianica,Martyniaceae,Proboscidea,"Ram's Horn,Common Devil's Claw"
Catalpa bignonioides,Bignoniaceae,Catalpa,"Southern Catalpa,Indian Bean Tree"
Campsis radicans,Bignoniaceae,Campsis,"Trumpet Vine,Trumpet Creeper"
Jacaranda mimosifolia,Bignoniaceae,Jacaranda,Blue Jacaranda
Handroanthus impetiginosus,Bignoniaceae,Handroanthus,"Pink Trumpet Tree,Pau d'Arco"
Kigelia africana,Bignoniaceae,Kigelia,Sausage Tree
Radermachera sinica,Bignoniaceae,Radermachera,China Doll
Spathodea campanulata,Bignoniaceae,Spathodea,African Tulip Tree
Tecoma stans,Bignoniaceae,Tecoma,"Yellow Bells,Esperanza"
Paulownia tomentosa,Paulowniaceae,Paulownia,"Empress Tree,Princess Tree"
Gesneria cuneifolia,Gesneriaceae,Gesneria,Fire-cracker Plant
Saintpaulia ionantha,Gesneriaceae,Saintpaulia,African Violet
Sinningia speciosa,Gesneriaceae,Sinningia,Gloxinia
Aeschynanthus radicans,Gesneriaceae,Aeschynanthus,Lipstick Plant
Columnea gloriosa,Gesneriaceae,Columnea,Goldfish Plant
Episcia cupreata,Gesneriaceae,Episcia,Flame Violet
Streptocarpus saxorum,Gesneriaceae,Streptocarpus,Cape Primrose
Calceolaria herbeohybrida,Calceolariaceae,Calceolaria,"Slipperwort,Pocketbook Plant"
Plantago major,Plantaginaceae,Plantago,Broadleaf Plantain
Plantago lanceolata,Plantaginaceae,Plantago,Ribwort Plantain
Digitalis purpurea,Plantaginaceae,Digitalis,Foxglove
Antirrhinum majus,Plantaginaceae,Antirrhinum,Snapdragon
Veronica chamaedrys,Plantaginaceae,Veronica,Germander Speedwell
Hebe speciosa,Plantaginaceae,Hebe,Showy Hebe
Linaria vulgaris,Plantaginaceae,Linaria,"Common Toadflax,Butter-and-eggs"
Penstemon digitalis,Plantaginaceae,Penstemon,Foxglove Beardtongue
Bacopa monnieri,Plantaginaceae,Bacopa,"Water Hyssop,Brahmi"
Fallopia japonica,Polygonaceae,Fallopia,Japanese Knotweed
Rheum rhabarbarum,Polygonaceae,Rheum,Rhubarb
Rumex crispus,Polygonaceae,Rumex,Curly Dock
Rumex acetosa,Polygonaceae,Rumex,Garden Sorrel
Fagopyrum esculentum,Polygonaceae,Fagopyrum,Buckwheat
Persicaria amplexicaulis,Polygonaceae,Persicaria,Red Bistort
Coccoloba uvifera,Polygonaceae,Coccoloba,Sea Grape
Muehlenbeckia axillaris,Polygonaceae,Muehlenbeckia,Creeping Wire Vine
Polygonum aviculare,Polygonaceae,Polygonum,Prostrate Knotweed
Convolvulus arvensis,Convolvulaceae,Convolvulus,Field Bindweed
Ipomoea batatas,Convolvulaceae,Ipomoea,Sweet Potato
Ipomoea purpurea,Convolvulaceae,Ipomoea,Common Morning Glory
Calystegia sepium,Convolvulaceae,Calystegia,Hedge Bindweed
Cuscuta europaea,Convolvulaceae,Cuscuta,Dodder
Ipomoea aquatica,Convolvulaceae,Ipomoea,"Water Spinach,Kangkong"
Ipomoea alba,Convolvulaceae,Ipomoea,Moonflower
Dichondra repens,Convolvulaceae,Dichondra,Kidney Weed
Euphorbia pulcherrima,Euphorbiaceae,Euphorbia,Poinsettia
Euphorbia milii,Euphorbiaceae,Euphorbia,Crown-of-thorns
Ricinus communis,Euphorbiaceae,Ricinus,"Castor Bean,Castor Oil Plant"
Hevea brasiliensis,Euphorbiaceae,Hevea,Rubber Tree
Manihot esculenta,Euphorbiaceae,Manihot,"Cassava,Yuca,Manioc"
Codiaeum variegatum,Euphorbiaceae,Codiaeum,"Croton,Garden Croton"
Acalypha hispida,Euphorbiaceae,Acalypha,Chenille Plant
Euphorbia tirucalli,Euphorbiaceae,Euphorbia,Pencil Cactus
Jatropha curcas,Euphorbiaceae,Jatropha,Physic Nut
Mercurialis perennis,Euphorbiaceae,Mercurialis,Dog's Mercury
Viola tricolor,Violaceae,Viola,"Wild Pansy,Heartsease"
Viola odorata,Violaceae,Viola,Sweet Violet
Viola riviniana,Violaceae,Viola,Common Dog-violet
Viola × wittrockiana,Violaceae,Viola,Garden Pansy
Hypericum perforatum,Hypericaceae,Hypericum,St. John's Wort
Hypericum calycinum,Hypericaceae,Hypericum,Aaron's Beard
Cistus ladanifer,Cistaceae,Cistus,Gum Rockrose
Helianthemum nummularium,Cistaceae,Helianthemum,Common Rockrose
Bixa orellana,Bixaceae,Bixa,"Achiote,Annatto Tree"
Flacourtia indica,Salicaceae,Flacourtia,Governor's Plum
Idesia polycarpa,Salicaceae,Idesia,Iigiri Tree
Salix caprea,Salicaceae,Salix,"Goat Willow,Pussy Willow"
Passiflora caerulea,Passifloraceae,Passiflora,Blue Passion Flower
Passiflora edulis,Passifloraceae,Passiflora,Passion Fruit
Turnera diffusa,Passifloraceae,Turnera,Damiana
Carica papaya,Caricaceae,Carica,Papaya
Begonia cucullata,Begoniaceae,Begonia,Wax Begonia
Begonia rex-cultorum,Begoniaceae,Begonia,Rex Begonia
Begonia × tuberhybrida,Begoniaceae,Begonia,Tuberous Begonia
Tilia cordata,Malvaceae,Tilia,"Small-leaved Lime,Littleleaf Linden"
Tilia platyphyllos,Malvaceae,Tilia,"Large-leaved Lime,Bigleaf Linden"
Hibiscus rosa-sinensis,Malvaceae,Hibiscus,Chinese Hibiscus
Hibiscus syriacus,Malvaceae,Hibiscus,Rose of Sharon
Gossypium hirsutum,Malvaceae,Gossypium,Upland Cotton
Theobroma cacao,Malvaceae,Theobroma,"Cacao Tree,Cocoa Tree"
Abelmoschus esculentus,Malvaceae,Abelmoschus,Okra
Alcea rosea,Malvaceae,Alcea,Hollyhock
Althaea officinalis,Malvaceae,Althaea,Marsh-mallow
Bombax ceiba,Malvaceae,Bombax,Red Silk-cotton Tree
Ceiba pentandra,Malvaceae,Ceiba,Kapok Tree
Cola acuminata,Malvaceae,Cola,Kola Nut
Corchorus olitorius,Malvaceae,Corchorus,Jute Mallow
Durio zibethinus,Malvaceae,Durio,Durian
Hibiscus sabdariffa,Malvaceae,Hibiscus,"Roselle,Jamaican Sorrel"
Lavatera trimestris,Malvaceae,Lavatera,"Annual Mallow,Rose Mallow"
Malva sylvestris,Malvaceae,Malva,Common Mallow
Ochroma pyramidale,Malvaceae,Ochroma,Balsa Tree
Pachira aquatica,Malvaceae,Pachira,Money Tree
Thespesia populnea,Malvaceae,Thespesia,Portia Tree
Heuchera sanguinea,Saxifragaceae,Heuchera,Coral Bells
Tiarella cordifolia,Saxifragaceae,Tiarella,Foamflower
Astilbe chinensis,Saxifragaceae,Astilbe,"Chinese Astilbe,False Goat's Beard"
Bergenia cordifolia,Saxifragaceae,Bergenia,"Heart-leaved Bergenia,Pigsqueak"
Saxifraga stolonifera,Saxifragaceae,Saxifraga,"Strawberry Begonia,Creeping Saxifrage"
Darmera peltata,Saxifragaceae,Darmera,"Indian Rhubarb,Umbrella Plant"
Mitella diphylla,Saxifragaceae,Mitella,"Miterwort,Bishop's Cap"
Rodgersia podophylla,Saxifragaceae,Rodgersia,Rodger's Flower
Tellima grandiflora,Saxifragaceae,Tellima,Fringe-cups
Tolmiea menziesii,Saxifragaceae,Tolmiea,"Piggyback Plant,Youth-on-age"
Ribes uva-crispa,Grossulariaceae,Ribes,Gooseberry
Ribes nigrum,Grossulariaceae,Ribes,Blackcurrant
Ribes rubrum,Grossulariaceae,Ribes,Redcurrant
Ribes sanguineum,Grossulariaceae,Ribes,Flowering Currant
Hamamelis virginiana,Hamamelidaceae,Hamamelis,Witch-hazel
Liquidambar styraciflua,Altingiaceae,Liquidambar,Sweetgum
Parrotia persica,Hamamelidaceae,Parrotia,Persian Ironwood
Fothergilla major,Hamamelidaceae,Fothergilla,Large Fothergilla
Loropetalum chinense,Hamamelidaceae,Loropetalum,Chinese Fringe-flower
Crassula ovata,Crassulaceae,Crassula,"Jade Plant,Money Plant"
Sedum acre,Crassulaceae,Sedum,"Goldmoss Stonecrop,Biting Stonecrop"
Sempervivum tectorum,Crassulaceae,Sempervivum,"Hens and Chicks,Common Houseleek"
Echeveria elegans,Crassulaceae,Echeveria,Mexican Snowball
Kalanchoe blossfeldiana,Crassulaceae,Kalanchoe,"Flaming Katy,Christmas Kalanchoe"
Kalanchoe daigremontiana,Crassulaceae,Kalanchoe,Mother of Thousands
Rhodiola rosea,Crassulaceae,Rhodiola,"Roseroot,Golden Root"
Sedum telephium,Crassulaceae,Sedum,"Orpine,Livelong"
Sedum morganianum,Crassulaceae,Sedum,"Donkey's Tail,Burro's Tail"
Graptopetalum paraguayense,Crassulaceae,Graptopetalum,Ghost Plant
Abutilon pictum,Malvaceae,Abutilon,Flowering Maple
Aethionema cordifolium,Brassicaceae,Aethionema,Lebanese stonecress
Agonis flexuosa,Myrtaceae,Agonis,Peppermint Tree
Aichryson laxum,Crassulaceae,Aichryson,Tree of Love
Akebia quinata,Lardizabalaceae,Akebia,Chocolate Vine
Alangium platanifolium,Cornaceae,Alangium,Plane-leaf Alangium
Alectryon excelsus,Sapindaceae,Alectryon,Tītoki
Alliaria petiolata,Brassicaceae,Alliaria,Garlic Mustard
Alonsoa meridionalis,Scrophulariaceae,Alonsoa,Mask Flower
Alyogyne huegelii,Malvaceae,Alyogyne,Blue Hibiscus
Amsinckia menziesii,Boraginaceae,Amsinckia,Fiddleneck
Anacampseros telephiastrum,Anacampserotaceae,Anacampseros,Love Plant
Anagallis arvensis,Primulaceae,Anagallis,Scarlet Pimpernel
Anagyris foetida,Fabaceae,Anagyris,Stinking Bean Trefoil
Anchusa azurea,Boraginaceae,Anchusa,Italian Bugloss
Androsace lanuginosa,Primulaceae,Androsace,Woolly Rock Jasmine
Anemonella thalictroides,Ranunculaceae,Anemonella,Rue-anemone
Anisodontea capensis,Malvaceae,Anisodontea,Cape Mallow
Annona cherimola,Annonaceae,Annona,Cherimoya
Annona reticulata,Annonaceae,Annona,Custard-apple
Anthyllis vulneraria,Fabaceae,Anthyllis,Kidney Vetch
Apocynum cannabinum,Apocynaceae,Apocynum,"Indian Hemp,Dogbane"
Aquilegia canadensis,Ranunculaceae,Aquilegia,Wild Columbine
Aralia spinosa,Araliaceae,Aralia,Devil's Walkingstick
Arbutus menziesii,Ericaceae,Arbutus,Pacific Madrone
Arctostaphylos manzanita,Ericaceae,Arctostaphylos,Common Manzanita
Arctotheca calendula,Asteraceae,Arctotheca,Cape Weed
Arctotis stoechadifolia,Asteraceae,Arctotis,African Daisy
Arenaria balearica,Caryophyllaceae,Arenaria,Balearic Sandwort
Argemone mexicana,Papaveraceae,Argemone,Mexican Prickly Poppy
Argyranthemum frutescens,Asteraceae,Argyranthemum,Marguerite Daisy
Aruncus dioicus,Rosaceae,Aruncus,Goat's Beard
Asarina procumbens,Plantaginaceae,Asarina,Creeping Snapdragon
Asarum europaeum,Aristolochiaceae,Asarum,European wild ginger
Asclepias curassavica,Apocynaceae,Asclepias,Tropical Milkweed
Aster amellus,Asteraceae,Aster,European Michaelmas-daisy
Astilbe × arendsii,Saxifragaceae,Astilbe,Arends's Astilbe
Astragalus canadensis,Fabaceae,Astragalus,Canadian Milkvetch
Astrantia carniolica,Apiaceae,Astrantia,Carnic Masterwort
Atriplex halimus,Amaranthaceae,Atriplex,"Sea Orach,Saltbush"
Ballota nigra,Lamiaceae,Ballota,Black Horehound
Baptisia australis,Fabaceae,Baptisia,Blue Wild Indigo
Barbarea verna,Brassicaceae,Barbarea,Land Cress
Bartonia verna,Gentianaceae,Bartonia,White Bartonia
Bassia scoparia,Amaranthaceae,Bassia,"Summer Cypress,Kochia"
Begonia grandis,Begoniaceae,Begonia,Hardy Begonia
Berlandiera lyrata,Asteraceae,Berlandiera,Chocolate Flower
Berula erecta,Apiaceae,Berula,Lesser Water-parsnip
Bidens ferulifolia,Asteraceae,Bidens,Apache Beggarticks
Bignonia capreolata,Bignoniaceae,Bignonia,Crossvine
Blephilia ciliata,Lamiaceae,Blephilia,Downy Wood Mint
Bocconia frutescens,Papaveraceae,Bocconia,Plume Poppy
Boltonia asteroides,Asteraceae,Boltonia,White Doll's Daisy
Borago officinalis,Boraginaceae,Borago,"Borage,Starflower"
Bougainvillea glabra,Nyctaginaceae,Bougainvillea,Paper Flower
Bouvardia ternifolia,Rubiaceae,Bouvardia,Firecracker Bush
Brachychiton acerifolius,Malvaceae,Brachychiton,Illawarra Flame Tree
Brachyglottis greyi,Asteraceae,Brachyglottis,Daisy Bush
Brasenia schreberi,Cabombaceae,Brasenia,Water-shield
Brassica juncea,Brassicaceae,Brassica,"Brown Mustard,Indian Mustard"
Brugmansia arborea,Solanaceae,Brugmansia,Angel's Trumpet
Brunnera macrophylla,Boraginaceae,Brunnera,Siberian Bugloss
Bunias orientalis,Brassicaceae,Bunias,Turkish Rocket
Bupleurum rotundifolium,Apiaceae,Bupleurum,Hare's Ear
Cakile maritima,Brassicaceae,Cakile,Sea Rocket
Calandrinia grandiflora,Montiaceae,Calandrinia,Rock Purslane
Calceolaria integrifolia,Calceolariaceae,Calceolaria,Bush Slipperwort
Callicarpa bodinieri,Lamiaceae,Callicarpa,Bodinier's Beautyberry
Callirhoe involucrata,Malvaceae,Callirhoe,Purple Poppy-mallow
Calophanes oblongifolia,Acanthaceae,Calophanes,Oblong-leaved Calophanes
Calycanthus floridus,Calycanthaceae,Calycanthus,Carolina Allspice
Calystegia soldanella,Convolvulaceae,Calystegia,Sea Bindweed
Campanula medium,Campanulaceae,Campanula,Canterbury Bells
Campanula rotundifolia,Campanulaceae,Campanula,Harebell
Campsis grandiflora,Bignoniaceae,Campsis,Chinese Trumpet Vine
Canavalia ensiformis,Fabaceae,Canavalia,Jack Bean
Capsicum pubescens,Solanaceae,Capsicum,"Rocoto,Manzano Pepper"
Cardamine hirsuta,Brassicaceae,Cardamine,Hairy Bittercress
Cardaria draba,Brassicaceae,Cardaria,Hoary Cress
Cardiospermum grandiflorum,Sapindaceae,Cardiospermum,Showy Balloon Vine
Carlina acaulis,Asteraceae,Carlina,Stemless Carline Thistle
Carum verticillatum,Apiaceae,Carum,Whorled Caraway
Cassiope tetragona,Ericaceae,Cassiope,Arctic White Heather
Castilleja coccinea,Orobanchaceae,Castilleja,Indian Paintbrush
Catalpa speciosa,Bignoniaceae,Catalpa,Northern Catalpa
Catananche caerulea,Asteraceae,Catananche,Cupid's Dart
Ceanothus americanus,Rhamnaceae,Ceanothus,New Jersey Tea
Celastrus orbiculatus,Celastraceae,Celastrus,Oriental Bittersweet
Celosia cristata,Amaranthaceae,Celosia,Crested Cockscomb
Celtis laevigata,Cannabaceae,Celtis,Sugarberry
Centaurea jacea,Asteraceae,Centaurea,Brown Knapweed
Centaurea macrocephala,Asteraceae,Centaurea,Giant Knapweed
Centaurea montana,Asteraceae,Centaurea,Mountain Cornflower
Centaurium pulchellum,Gentianaceae,Centaurium,Lesser Centaury
Centella asiatica,Apiaceae,Centella,"Gotu Kola,Asiatic Pennywort"
Cerastium arvense,Caryophyllaceae,Cerastium,Field Chickweed
Ceratotheca triloba,Pedaliaceae,Ceratotheca,South African Foxglove
Cercidiphyllum japonicum,Cercidiphyllaceae,Cercidiphyllum,Katsura Tree
Cercis siliquastrum,Fabaceae,Cercis,Judas Tree
Cestrum nocturnum,Solanaceae,Cestrum,Night-blooming Jasmine
Chamaecrista fasciculata,Fabaceae,Chamaecrista,Partridge Pea
Chamaedaphne calyculata,Ericaceae,Chamaedaphne,Leatherleaf
Chamaemelum nobile,Asteraceae,Chamaemelum,Roman Chamomile
Chamerion angustifolium,Onagraceae,Chamerion,Fireweed
Chelone glabra,Plantaginaceae,Chelone,White Turtlehead
Chenopodium bonus-henricus,Amaranthaceae,Chenopodium,Good-King-Henry
Chiliotrichum diffusum,Asteraceae,Chiliotrichum,Fachine
Chimaphila maculata,Ericaceae,Chimaphila,Spotted Wintergreen
Chimonanthus praecox,Calycanthaceae,Chimonanthus,Wintersweet
Chiococca alba,Rubiaceae,Chiococca,Snowberry
Chionanthus retusus,Oleaceae,Chionanthus,Chinese Fringetree
Chrysanthemum coronarium,Asteraceae,Chrysanthemum,"Crown Daisy,Garland Chrysanthemum"
Chrysocephalum apiculatum,Asteraceae,Chrysocephalum,Common Everlasting
Chrysosplenium alternifolium,Saxifragaceae,Chrysosplenium,Alternate-leaved Golden-saxifrage
Cicerbita alpina,Asteraceae,Cicerbita,Alpine Sow-thistle
Cicuta maculata,Apiaceae,Cicuta,Spotted Water Hemlock
Circaea lutetiana,Onagraceae,Circaea,Enchanter's-nightshade
Cirsium arvense,Asteraceae,Cirsium,Creeping Thistle
Cistus albidus,Cistaceae,Cistus,White-leaved Rockrose
Cladanthus arabicus,Asteraceae,Cladanthus,Arabian Daisy
Clarkia unguiculata,Onagraceae,Clarkia,Elegant Clarkia
Clematis alpina,Ranunculaceae,Clematis,Alpine Clematis
Cleome hassleriana,Cleomaceae,Cleome,Spider Flower
Clerodendrum bungei,Lamiaceae,Clerodendrum,Rose Glory Bower
Clethra arborea,Clethraceae,Clethra,Lily-of-the-valley-tree
Clianthus puniceus,Fabaceae,Clianthus,"Kaka Beak,Parrot's Beak"
Clitoria ternatea,Fabaceae,Clitoria,"Butterfly Pea,Blue Pea"
Clytostoma callistegioides,Bignoniaceae,Clytostoma,Argentine Trumpet Vine
Cobaea scandens,Polemoniaceae,Cobaea,Cup-and-saucer Vine
Cocculus laurifolius,Menispermaceae,Cocculus,Laurel-leaf Snailseed
Codonopsis pilosula,Campanulaceae,Codonopsis,Dangshen
Collinsia heterophylla,Plantaginaceae,Collinsia,Chinese Houses
Collomia grandiflora,Polemoniaceae,Collomia,Large-flowered Collomia
Colutea arborescens,Fabaceae,Colutea,Bladder Senna
Comandra umbellata,Santalaceae,Comandra,Bastard Toadflax
Commicarpus scandens,Nyctaginaceae,Commicarpus,Climbing Wart-club
Comptonia peregrina,Myricaceae,Comptonia,Sweetfern
Conopholis americana,Orobanchaceae,Conopholis,American Cancer-root
Conringia orientalis,Brassicaceae,Conringia,Hare's-ear Mustard
Convolvulus cneorum,Convolvulaceae,Convolvulus,Silver-bush
Coprosma lucida,Rubiaceae,Coprosma,Shining Karamu
Coptis trifolia,Ranunculaceae,Coptis,Threeleaf Goldthread
Corchorus capsularis,Malvaceae,Corchorus,White Jute
Coreopsis lanceolata,Asteraceae,Coreopsis,Lance-leaved Coreopsis
Coriaria myrtifolia,Coriariaceae,Coriaria,Redoul
Cornus alternifolia,Cornaceae,Cornus,Pagoda Dogwood
Cornus canadensis,Cornaceae,Cornus,Bunchberry Dogwood
Coronilla emerus,Fabaceae,Coronilla,Scorpion Senna
Coronopus didymus,Brassicaceae,Coronopus,Lesser Swine-cress
Correa alba,Rutaceae,Correa,White Correa
Cortusa matthioli,Primulaceae,Cortusa,Alpine Bells
Corydalis solida,Papaveraceae,Corydalis,Fumewort
Cosmos sulphureus,Asteraceae,Cosmos,Sulphur Cosmos
Cotoneaster horizontalis,Rosaceae,Cotoneaster,Rockspray Cotoneaster
Cotula coronopifolia,Asteraceae,Cotula,Brassbuttons
Crambe cordifolia,Brassicaceae,Crambe,Greater Sea-kale
Crassula muscosa,Crassulaceae,Crassula,"Watch Chain,Princess Pine"
Crataegus laevigata,Rosaceae,Crataegus,Midland Hawthorn
Crepis biennis,Asteraceae,Crepis,Rough Hawk's-beard
Crinodendron hookerianum,Elaeocarpaceae,Crinodendron,Chilean Lantern Tree
Crossandra infundibuliformis,Acanthaceae,Crossandra,Firecracker Flower
Crotalaria juncea,Fabaceae,Crotalaria,Sunn Hemp
Croton tiglium,Euphorbiaceae,Croton,Purging Croton
Cruciata laevipes,Rubiaceae,Cruciata,Crosswort
Cryptotaenia japonica,Apiaceae,Cryptotaenia,"Mitsuba,Japanese Parsley"
Cudrania tricuspidata,Moraceae,Cudrania,"Che,Chinese Mulberry"
Cunila origanoides,Lamiaceae,Cunila,"American Dittany,Stone Mint"
Cuphea ignea,Lythraceae,Cuphea,Cigar Plant
Cyananthus microphyllus,Campanulaceae,Cyananthus,Trailing Bellflower
Cyclamen persicum,Primulaceae,Cyclamen,Florist's Cyclamen
Cymbalaria muralis,Plantaginaceae,Cymbalaria,Ivy-leaved Toadflax
Cynanchum acutum,Apocynaceae,Cynanchum,Montpellier Scamony
Cynara scolymus,Asteraceae,Cynara,Globe Artichoke
Cynoglossum officinale,Boraginaceae,Cynoglossum,Hound's-tongue
Cytinus hypocistis,Cytinaceae,Cytinus,Yellow Cytinus
Daboecia cantabrica,Ericaceae,Daboecia,St. Dabeoc's Heath
Dalechampia roezliana,Euphorbiaceae,Dalechampia,Costa Rican Butterfly Vine
Daphne laureola,Thymelaeaceae,Daphne,Spurge-laurel
Daphniphyllum macropodum,Daphniphyllaceae,Daphniphyllum,Red-budded Daphniphyllum
Datura innoxia,Solanaceae,Datura,"Thorn-apple,Downy Thorn-apple"
Decaisnea fargesii,Lardizabalaceae,Decaisnea,Blue Bean Tree
Decumaria barbara,Hydrangeaceae,Decumaria,Climbing Hydrangea
Delosperma cooperi,Aizoaceae,Delosperma,Hardy Ice Plant
Dendromecon rigida,Papaveraceae,Dendromecon,Bush Poppy
Descurainia pinnata,Brassicaceae,Descurainia,Tansy Mustard
Desmanthus illinoensis,Fabaceae,Desmanthus,Illinois Bundleflower
Desmodium canadense,Fabaceae,Desmodium,Showy Tick-trefoil
Dianthus deltoides,Caryophyllaceae,Dianthus,Maiden Pink
Dicentra cucullaria,Papaveraceae,Dicentra,Dutchman's Breeches
Dichondra argentea,Convolvulaceae,Dichondra,Silver Falls
Diervilla lonicera,Caprifoliaceae,Diervilla,Northern Bush Honeysuckle
Digitalis grandiflora,Plantaginaceae,Digitalis,Large Yellow Foxglove
Dimorphotheca pluvialis,Asteraceae,Dimorphotheca,White African Daisy
Diodia teres,Rubiaceae,Diodia,"Poorjoe,Rough Buttonweed"
Dionaea muscipula,Droseraceae,Dionaea,Venus Flytrap
Diospyros discolor,Ebenaceae,Diospyros,"Velvet Apple,Mabolo"
Diospyros nigra,Ebenaceae,Diospyros,Black Sapote
Diphylleia cymosa,Berberidaceae,Diphylleia,Umbrella Leaf
Dipsacus sativus,Caprifoliaceae,Dipsacus,Indian Teasel
Discaria toumatou,Rhamnaceae,Discaria,"Matagouri,Wild Irishman"
Dodartia orientalis,Mazaceae,Dodartia,Oriental Dodartia
Dodecatheon meadia,Primulaceae,Dodecatheon,Shooting Star
Dolichos lablab,Fabaceae,Dolichos,Hyacinth Bean
Doronicum orientale,Asteraceae,Doronicum,Leopard's Bane
Dorstenia contrajerva,Moraceae,Dorstenia,Contrayerba
Dracocephalum moldavica,Lamiaceae,Dracocephalum,Moldavian Dragonhead
Dracunculus vulgaris,Araceae,Dracunculus,Dragon Arum
Drosera rotundifolia,Droseraceae,Drosera,Round-leaved Sundew
Dryas octopetala,Rosaceae,Dryas,Mountain Avens
Duchesnea indica,Rosaceae,Duchesnea,Mock Strawberry
Dyschoriste oblongifolia,Acanthaceae,Dyschoriste,Oblongleaf Twinflower
Eccremocarpus scaber,Bignoniaceae,Eccremocarpus,Chilean Glory-flower
Echinacea angustifolia,Asteraceae,Echinacea,Narrow-leaved Purple Coneflower
Echinops ritro,Asteraceae,Echinops,Southern Globethistle
Echium plantagineum,Boraginaceae,Echium,"Purple Viper's-bugloss,Paterson's Curse"
Eclipta prostrata,Asteraceae,Eclipta,"False Daisy,Bhringraj"
Edraianthus graminifolius,Campanulaceae,Edraianthus,Grassy Bells
Ehretia anacua,Boraginaceae,Ehretia,"Anacua,Knockaway"
Elaeagnus angustifolia,Elaeagnaceae,Elaeagnus,Russian Olive
Elaeagnus umbellata,Elaeagnaceae,Elaeagnus,Autumn Olive
Eleutherococcus senticosus,Araliaceae,Eleutherococcus,Siberian Ginseng
Embelia ribes,Primulaceae,Embelia,False Black Pepper
Emmenanthe penduliflora,Boraginaceae,Emmenanthe,Whispering Bells
Encelia farinosa,Asteraceae,Encelia,Brittlebush
Enkianthus campanulatus,Ericaceae,Enkianthus,Redvein Enkianthus
Epigaea repens,Ericaceae,Epigaea,"Trailing Arbutus,Mayflower"
Epilobium hirsutum,Onagraceae,Epilobium,Great Willowherb
Epimedium alpinum,Berberidaceae,Epimedium,Alpine barrenwort
Erechtites hieraciifolius,Asteraceae,Erechtites,"American Burnweed,Fireweed"
Eremophila maculata,Scrophulariaceae,Eremophila,Spotted Emu Bush
Erica cinerea,Ericaceae,Erica,Bell Heather
Erigeron annuus,Asteraceae,Erigeron,Annual Fleabane
Erinus alpinus,Plantaginaceae,Erinus,Alpine Balsam
Eriodictyon californicum,Boraginaceae,Eriodictyon,Yerba Santa
Eriogonum fasciculatum,Polygonaceae,Eriogonum,California Buckwheat
Eriophyllum lanatum,Asteraceae,Eriophyllum,"Woolly Sunflower,Oregon Sunshine"
Erodium moschatum,Geraniaceae,Erodium,Musky Stork's-bill
Eryngium foetidum,Apiaceae,Eryngium,"Culantro,Mexican Coriander"
Erysimum anicum,Brassicaceae,Erysimum,Wallflower
Erythrina herbacea,Fabaceae,Erythrina,Coralbean
Escallonia rubra,Escalloniaceae,Escallonia,Red Escallonia
Eschscholzia caespitosa,Papaveraceae,Eschscholzia,Tufted Poppy
Eucalyptus camaldulensis,Myrtaceae,Eucalyptus,River Red Gum
Eucalyptus deglupta,Myrtaceae,Eucalyptus,Rainbow Eucalyptus
Eucommia ulmoides,Eucommiaceae,Eucommia,Hardy Rubber Tree
Eucryphia lucida,Cunoniaceae,Eucryphia,Leatherwood
Eugenia uniflora,Myrtaceae,Eugenia,"Surinam Cherry,Pitanga"
Euonymus fortunei,Celastraceae,Euonymus,Wintercreeper
Eupatorium cannabinum,Asteraceae,Eupatorium,Hemp-agrimony
Eupatorium perfoliatum,Asteraceae,Eupatorium,Boneset
Euphorbia amygdaloides,Euphorbiaceae,Euphorbia,Wood Spurge
Euphorbia characias,Euphorbiaceae,Euphorbia,Mediterranean Spurge
Euphorbia cyparissias,Euphorbiaceae,Euphorbia,Cypress Spurge
Euphorbia esula,Euphorbiaceae,Euphorbia,Leafy Spurge
Euphorbia helioscopia,Euphorbiaceae,Euphorbia,Sun Spurge
Euphorbia lathyris,Euphorbiaceae,Euphorbia,"Caper Spurge,Mole Plant"
Euphorbia marginata,Euphorbiaceae,Euphorbia,Snow-on-the-mountain
Euphorbia peplus,Euphorbiaceae,Euphorbia,Petty Spurge
Euphrasia nemorosa,Orobanchaceae,Euphrasia,Common Eyebright
Euryops pectinatus,Asteraceae,Euryops,Grey-leaved Euryops
Eutrochium maculatum,Asteraceae,Eutrochium,Spotted Joe-Pye Weed
Evolvulus glomeratus,Convolvulaceae,Evolvulus,Blue Daze
Exacum affine,Gentianaceae,Exacum,Persian Violet
Exochorda racemosa,Rosaceae,Exochorda,Pearlbush
Fagonia cretica,Zygophyllaceae,Fagonia,Cretan Fagonia
Fagus orientalis,Fagaceae,Fagus,Oriental Beech
Fallopia baldschuanica,Polygonaceae,Fallopia,"Russian Vine,Mile-a-minute Vine"
Fallopia convolvulus,Polygonaceae,Fallopia,Black-bindweed
Fatsia japonica,Araliaceae,Fatsia,Japanese Aralia
Felicia amelloides,Asteraceae,Felicia,Blue Daisy
Ferula communis,Apiaceae,Ferula,Giant Fennel
Ficaria verna,Ranunculaceae,Ficaria,Lesser Celandine
Ficus auriculata,Moraceae,Ficus,"Roxburgh fig,Elephant Ear Fig"
Ficus macrophylla,Moraceae,Ficus,Moreton Bay Fig
Ficus religiosa,Moraceae,Ficus,"Sacred Fig,Bodhi Tree"
Filipendula rubra,Rosaceae,Filipendula,Queen of the Prairie
Forestiera acuminata,Oleaceae,Forestiera,Swamp Privet
Forsythia suspensa,Oleaceae,Forsythia,Weeping Forsythia
Fothergilla gardenii,Hamamelidaceae,Fothergilla,Dwarf Fothergilla
Fragaria vesca,Rosaceae,Fragaria,"Wild Strawberry,Alpine Strawberry"
Francoa sonchifolia,Francoaceae,Francoa,Bridal Wreath
Frangula alnus,Rhamnaceae,Frangula,Alder Buckthorn
Frasera speciosa,Gentianaceae,Frasera,"Monument Plant,Green Gentian"
Fraxinus ornus,Oleaceae,Fraxinus,Manna Ash
Fremontodendron californicum,Malvaceae,Fremontodendron,California Flannelbush
Fuchsia boliviana,Onagraceae,Fuchsia,Bolivian Fuchsia
Fumana procumbens,Cistaceae,Fumana,Sprawling Needle Sunrose
Gaillardia aristata,Asteraceae,Gaillardia,"Common Gaillardia,Blanketflower"
Galax urceolata,Diapensiaceae,Galax,"Beetleweed,Wandflower"
Galega officinalis,Fabaceae,Galega,Goat's Rue
Galinsoga quadriradiata,Asteraceae,Galinsoga,Shaggy Soldier
Galium mollugo,Rubiaceae,Galium,Hedge Bedstraw
Galium verum,Rubiaceae,Galium,Lady's Bedstraw
Gardenia thunbergia,Rubiaceae,Gardenia,"White Gardenia,Forest Gardenia"
Gaultheria shallon,Ericaceae,Gaultheria,Salal
Gazania rigens,Asteraceae,Gazania,Treasure Flower
Genista tinctoria,Fabaceae,Genista,Dyer's Greenweed
Gentiana verna,Gentianaceae,Gentiana,Spring Gentian
Gentianella amarella,Gentianaceae,Gentianella,Autumn Gentian
Geranium maderense,Geraniaceae,Geranium,Giant Herb-Robert
Geranium pratense,Geraniaceae,Geranium,Meadow Crane's-bill
Geranium robertianum,Geraniaceae,Geranium,Herb-Robert
Geranium tuberosum,Geraniaceae,Geranium,Tuberous Crane's-bill
Geum rivale,Rosaceae,Geum,Water Avens
Gilia tricolor,Polemoniaceae,Gilia,Bird's-eyes
Glaucium flavum,Papaveraceae,Glaucium,Yellow Horned-poppy
Glechoma hederacea,Lamiaceae,Glechoma,"Ground-ivy,Creeping Charlie"
Globularia cordifolia,Plantaginaceae,Globularia,Heart-leaved Globe Daisy
Gomphocarpus physocarpus,Apocynaceae,Gomphocarpus,"Hairy Balls,Balloon Plant"
Gomphrena haageana,Amaranthaceae,Gomphrena,Strawberry Fields Globe Amaranth
Goodenia ovata,Goodeniaceae,Goodenia,Hop Goodenia
Gossypium arboreum,Malvaceae,Gossypium,Tree Cotton
Gratiola officinalis,Plantaginaceae,Gratiola,Hedge Hyssop
Grevillea banksii,Proteaceae,Grevillea,Red Silky Oak
Grewia asiatica,Malvaceae,Grewia,Phalsa
Grindelia camporum,Asteraceae,Grindelia,Great Valley Gumplant
Griselinia littoralis,Griseliniaceae,Griselinia,"Kapuka,New Zealand Broadleaf"
Gunnera tinctoria,Gunneraceae,Gunnera,Giant Rhubarb
Gymnocladus dioicus,Fabaceae,Gymnocladus,Kentucky Coffeetree
Gypsophila elegans,Caryophyllaceae,Gypsophila,Annual Baby's-breath
Hakea salicifolia,Proteaceae,Hakea,Willow-leaved Hakea
Halenia deflexa,Gentianaceae,Halenia,Spurred Gentian
Halesia tetraptera,Styracaceae,Halesia,Mountain Silverbell
Halimione portulacoides,Amaranthaceae,Halimione,Sea Purslane
Hamamelis mollis,Hamamelidaceae,Hamamelis,Chinese Witch-hazel
Hardenbergia violacea,Fabaceae,Hardenbergia,"False Sarsaparilla,Purple Coral Pea"
Hebe albicans,Plantaginaceae,Hebe,White Hebe
Hedera helix,Araliaceae,Hedera,"Common Ivy,English Ivy"
Hedysarum coronarium,Fabaceae,Hedysarum,Italian Sainfoin
Helenium autumnale,Asteraceae,Helenium,Sneezeweed
Helianthemum apenninum,Cistaceae,Helianthemum,White Rockrose
Helianthus decapetalus,Asteraceae,Helianthus,Thin-leaved Sunflower
Helichrysum petiolare,Asteraceae,Helichrysum,Licorice Plant
Heliopsis helianthoides,Asteraceae,Heliopsis,False Sunflower
Heliotropium arborescens,Boraginaceae,Heliotropium,"Heliotrope,Cherry Pie"
Helleborus foetidus,Ranunculaceae,Helleborus,Stinking Hellebore
Hepatica nobilis,Ranunculaceae,Hepatica,Liverwort
Heracleum mantegazzianum,Apiaceae,Heracleum,Giant Hogweed
Herniaria glabra,Caryophyllaceae,Herniaria,Rupturewort
Heteromeles arbutifolia,Rosaceae,Heteromeles,"Toyon,Christmas Berry"
Hibbertia scandens,Dilleniaceae,Hibbertia,"Snake Vine,Golden Guinea Vine"
Hibiscus trionum,Malvaceae,Hibiscus,Flower-of-an-hour
Hieracium aurantiacum,Asteraceae,Hieracium,Orange Hawkweed
Hieracium pilosella,Asteraceae,Hieracium,Mouse-ear Hawkweed
Hippocrepis comosa,Fabaceae,Hippocrepis,Horseshoe Vetch
Hippophae rhamnoides,Elaeagnaceae,Hippophae,Sea Buckthorn
Holodiscus discolor,Rosaceae,Holodiscus,"Oceanspray,Creambush"
Hovenia dulcis,Rhamnaceae,Hovenia,Japanese Raisin Tree
Hudsonia tomentosa,Cistaceae,Hudsonia,Woolly Beachheather
Hunnemannia fumariifolia,Papaveraceae,Hunnemannia,"Tulip Poppy,Mexican Tulip Poppy"
Hybanthus concolor,Violaceae,Hybanthus,Green Violet
Hydrocotyle vulgaris,Araliaceae,Hydrocotyle,Marsh Pennywort
Hydrophyllum virginianum,Boraginaceae,Hydrophyllum,Virginia Waterleaf
Hymenoxys grandiflora,Asteraceae,Hymenoxys,Old-man-of-the-mountains
Hyoscyamus albus,Solanaceae,Hyoscyamus,White Henbane
Hypericum androsaemum,Hypericaceae,Hypericum,Tutsan
Hypericum pulchrum,Hypericaceae,Hypericum,Slender St John's-wort
Hypochaeris radicata,Asteraceae,Hypochaeris,Cat's-ear
Iberis umbellata,Brassicaceae,Iberis,Globe Candytuft
Ilex verticillata,Aquifoliaceae,Ilex,Winterberry
Illicium verum,Schisandraceae,Illicium,Star Anise
Impatiens balsamina,Balsaminaceae,Impatiens,Garden Balsam
Impatiens capensis,Balsaminaceae,Impatiens,"Jewelweed,Spotted Touch-me-not"
Impatiens glandulifera,Balsaminaceae,Impatiens,Himalayan Balsam
Incarvillea delavayi,Bignoniaceae,Incarvillea,Hardy Gloxinia
Inula helenium,Asteraceae,Inula,Elecampane
Iochroma cyaneum,Solanaceae,Iochroma,Violet Tubeflower
Ipomopsis rubra,Polemoniaceae,Ipomopsis,Standing Cypress
Iresine herbstii,Amaranthaceae,Iresine,Bloodleaf
Isodon longitubus,Lamiaceae,Isodon,Long-tubed Isodon
Itea virginica,Iteaceae,Itea,Virginia Sweetspire
Iva frutescens,Asteraceae,Iva,Marsh Elder
Jasione montana,Campanulaceae,Jasione,Sheep's-bit
Jasminum nudiflorum,Oleaceae,Jasminum,Winter Jasmine
Jeffersonia diphylla,Berberidaceae,Jeffersonia,Twinleaf
Jovellana violacea,Calceolariaceae,Jovellana,Violet Teacup Flower
Juanulloa aurantiaca,Solanaceae,Juanulloa,Gold-finger Plant
Juglans cinerea,Juglandaceae,Juglans,"Butternut,White Walnut"
Justicia adhatoda,Acanthaceae,Justicia,Malabar nut
Kadsura japonica,Schisandraceae,Kadsura,Kadsura Vine
Kalmia angustifolia,Ericaceae,Kalmia,Sheep Laurel
Kalopanax septemlobus,Araliaceae,Kalopanax,Castor aralia
Kennedia rubicunda,Fabaceae,Kennedia,Dusky Coral Pea
Kirengeshoma palmata,Hydrangeaceae,Kirengeshoma,Yellow Wax-bells
Kitaibela vitifolia,Malvaceae,Kitaibela,Grape-leaved Mallow
Kleinia neriifolia,Asteraceae,Kleinia,"Verode,Canary Islands Candle Plant"
Kosteletzkya virginica,Malvaceae,Kosteletzkya,Seashore Mallow
Krameria lappacea,Krameriaceae,Krameria,Rhatany
Lablab purpureus,Fabaceae,Lablab,Hyacinth Bean
Laburnum anagyroides,Fabaceae,Laburnum,Golden Chain Tree
Lactuca virosa,Asteraceae,Lactuca,"Wild Lettuce,Opium Lettuce"
Lagunaria patersonia,Malvaceae,Lagunaria,Norfolk Island Hibiscus
Lamium maculatum,Lamiaceae,Lamium,Spotted Dead-nettle
Lapsana communis,Asteraceae,Lapsana,Nipplewort
Lardizabala biternata,Lardizabalaceae,Lardizabala,Zabala fruit
Larrea tridentata,Zygophyllaceae,Larrea,Creosote Bush
Lathraea squamaria,Orobanchaceae,Lathraea,Common Toothwort
Lathyrus latifolius,Fabaceae,Lathyrus,Everlasting Pea
Lathyrus pratensis,Fabaceae,Lathyrus,Meadow Vetchling
Laurus azorica,Lauraceae,Laurus,Azores Laurel
Lavandula stoechas,Lamiaceae,Lavandula,"French Lavender,Spanish Lavender"
Lavatera arborea,Malvaceae,Lavatera,Tree Mallow
Layia platyglossa,Asteraceae,Layia,Tidytips
Ledum palustre,Ericaceae,Ledum,Marsh Labrador Tea
Leitneria floridana,Simaroubaceae,Leitneria,Corkwood
Leonotis leonurus,Lamiaceae,Leonotis,"Lion's Tail,Wild Dagga"
Leontodon hispidus,Asteraceae,Leontodon,Rough Hawkbit
Leonurus cardiaca,Lamiaceae,Leonurus,Motherwort
Lepidium meyenii,Brassicaceae,Lepidium,Maca
Leptosiphon grandiflorus,Polemoniaceae,Leptosiphon,Large-flowered Linanthus
Lespedeza cuneata,Fabaceae,Lespedeza,Chinese Bushclover
Leucanthemum × superbum,Asteraceae,Leucanthemum,Shasta Daisy
Leucophyllum frutescens,Scrophulariaceae,Leucophyllum,"Texas Sage,Cenizo"
Leucosceptrum canum,Lamiaceae,Leucosceptrum,Himalayan Mint Shrub
Leucothoe fontanesiana,Ericaceae,Leucothoe,Drooping Leucothoe
Lewisia cotyledon,Montiaceae,Lewisia,Siskiyou Lewisia
Leycesteria formosa,Caprifoliaceae,Leycesteria,Himalayan Honeysuckle
Liatris spicata,Asteraceae,Liatris,"Blazing Star,Gayfeather"
Ligularia dentata,Asteraceae,Ligularia,Leopard Plant
Ligustrum ovalifolium,Oleaceae,Ligustrum,California Privet
Limnanthes douglasii,Limnanthaceae,Limnanthes,Douglas's Meadowfoam
Limonium sinuatum,Plumbaginaceae,Limonium,"Wavyleaf Sea-lavender,Statice"
Linaria maroccana,Plantaginaceae,Linaria,Moroccan Toadflax
Lindera umbellata,Lauraceae,Lindera,Japanese Spicebush
Linnaea borealis,Caprifoliaceae,Linnaea,Twinflower
Linum perenne,Linaceae,Linum,Perennial Flax
Lippia dulcis,Verbenaceae,Lippia,Aztec Sweet Herb
Liriodendron chinense,Magnoliaceae,Liriodendron,Chinese Tulip Tree
Lithodora diffusa,Boraginaceae,Lithodora,Purple Gromwell
Lithospermum officinale,Boraginaceae,Lithospermum,Common Gromwell
Lobelia cardinalis,Campanulaceae,Lobelia,Cardinal Flower
Lobelia erinus,Campanulaceae,Lobelia,Edging Lobelia
Lomatium dissectum,Apiaceae,Lomatium,Fernleaf Biscuitroot
Lonicera japonica,Caprifoliaceae,Lonicera,Japanese Honeysuckle
Lophospermum erubescens,Plantaginaceae,Lophospermum,Creeping Gloxinia
Lotus tetragonolobus,Fabaceae,Lotus,Asparagus Pea
Ludwigia peruviana,Onagraceae,Ludwigia,Peruvian Primrose-willow
Luffa aegyptiaca,Cucurbitaceae,Luffa,"Loofah,Sponge Gourd"
Lunaria rediviva,Brassicaceae,Lunaria,Perennial Honesty
Lupinus arboreus,Fabaceae,Lupinus,Yellow Bush Lupin
Lupinus polyphyllus,Fabaceae,Lupinus,Garden Lupin
Lychnis chalcedonica,Caryophyllaceae,Lychnis,Maltese Cross
Lycium chinense,Solanaceae,Lycium,Chinese Wolfberry
Lycopus europaeus,Lamiaceae,Lycopus,"Gypsywort,Bugleweed"
Lyonia ligustrina,Ericaceae,Lyonia,Maleberry
Lysimachia clethroides,Primulaceae,Lysimachia,Gooseneck Loosestrife
Lysimachia nummularia,Primulaceae,Lysimachia,"Creeping Jenny,Moneywort"
Lysimachia punctata,Primulaceae,Lysimachia,Dotted Loosestrife
Lythrum hyssopifolia,Lythraceae,Lythrum,Hyssop Loosestrife
Machaeranthera tanacetifolia,Asteraceae,Machaeranthera,Tansy-aster
Macleania insignis,Ericaceae,Macleania,Scarlet Macleania
Maclura tricuspidata,Moraceae,Maclura,Che
Madia sativa,Asteraceae,Madia,Chilean Tarweed
Magnolia acuminata,Magnoliaceae,Magnolia,Cucumber Tree
Magnolia sieboldii,Magnoliaceae,Magnolia,Oyama Magnolia
Magnolia virginiana,Magnoliaceae,Magnolia,Sweetbay Magnolia
Mahonia bealei,Berberidaceae,Mahonia,Beale's Barberry
Malope trifida,Malvaceae,Malope,Mallow-wort
Malus baccata,Rosaceae,Malus,Siberian Crabapple
Malva moschata,Malvaceae,Malva,Musk Mallow
Malvaviscus arboreus,Malvaceae,Malvaviscus,"Wax Mallow,Turk's Cap"
Mandevilla laxa,Apocynaceae,Mandevilla,Chilean jasmine
Manihot grahamii,Euphorbiaceae,Manihot,Graham's Cassava
Manilkara zapota,Sapotaceae,Manilkara,"Sapodilla,Chicle"
Marrubium incanum,Lamiaceae,Marrubium,Silvery Horehound
Martynia annua,Martyniaceae,Martynia,Devil's Claws
Matricaria discoidea,Asteraceae,Matricaria,Pineapple Weed
Maurandya scandens,Plantaginaceae,Maurandya,Creeping Gloxinia
Mazus reptans,Mazaceae,Mazus,Creeping Mazus
Meconopsis cambrica,Papaveraceae,Meconopsis,Welsh Poppy
Medicago lupulina,Fabaceae,Medicago,Black Medick
Melaleuca quinquenervia,Myrtaceae,Melaleuca,Broad-leaved Paperbark
Melampodium leucanthum,Asteraceae,Melampodium,Blackfoot Daisy
Melampyrum pratense,Orobanchaceae,Melampyrum,Common Cow-wheat
Melianthus major,Melianthaceae,Melianthus,Giant Honey Flower
Melilotus albus,Fabaceae,Melilotus,White Sweet Clover
Melissa axillaris,Lamiaceae,Melissa,Himalayan Balm
Melittis melissophyllum,Lamiaceae,Melittis,Bastard Balm
Menispermum canadense,Menispermaceae,Menispermum,Canada Moonseed
Mentha aquatica,Lamiaceae,Mentha,Water Mint
Mentha pulegium,Lamiaceae,Mentha,Pennyroyal
Mentha suaveolens,Lamiaceae,Mentha,Apple Mint
Mentzelia laevicaulis,Loasaceae,Mentzelia,Blazing Star
Menyanthes trifoliata,Menyanthaceae,Menyanthes,"Bogbean,Buckbean"
Mercurialis annua,Euphorbiaceae,Mercurialis,Annual Mercury
Mertensia virginica,Boraginaceae,Mertensia,Virginia Bluebells
Michelia doltsopa,Magnoliaceae,Michelia,Sweet Michelia
Micromeria fruticosa,Lamiaceae,Micromeria,White Micromeria
Mikania scandens,Asteraceae,Mikania,Climbing Hempvine
Mimosa nuttallii,Fabaceae,Mimosa,Nuttall's Sensitive-briar
Mimulus ringens,Phrymaceae,Mimulus,Allegheny Monkeyflower
Mirabilis jalapa,Nyctaginaceae,Mirabilis,"Four O'Clock Flower,Marvel of Peru"
Mirabilis longiflora,Nyctaginaceae,Mirabilis,Sweet Four O'Clock
Misopates orontium,Plantaginaceae,Misopates,Weasel's Snout
Mollugo verticillata,Molluginaceae,Mollugo,"Carpetweed,Green Carpetweed"
Momordica balsamina,Cucurbitaceae,Momordica,Balsam Apple
Monarda citriodora,Lamiaceae,Monarda,"Lemon Beebalm,Lemon Mint"
Monarda fistulosa,Lamiaceae,Monarda,Wild Bergamot
Monardella odoratissima,Lamiaceae,Monardella,Mountain Monardella
Moneses uniflora,Ericaceae,Moneses,One-flowered Wintergreen
Monotropa uniflora,Ericaceae,Monotropa,"Ghost Plant,Indian Pipe"
Montia sibirica,Montiaceae,Montia,"Siberian Springbeauty,Candy Flower"
Morina longifolia,Caprifoliaceae,Morina,Whorlflower
Morus celtidifolia,Moraceae,Morus,Texas Mulberry
Mucuna pruriens,Fabaceae,Mucuna,Velvet Bean
Muehlenbeckia complexa,Polygonaceae,Muehlenbeckia,"Maidenhair Vine,Wire Vine"
Myoporum laetum,Scrophulariaceae,Myoporum,Ngaio
Myosotis sylvatica,Boraginaceae,Myosotis,Wood Forget-me-not
Myrica gale,Myricaceae,Myrica,"Bog Myrtle,Sweet Gale"
Myrica pensylvanica,Myricaceae,Myrica,Northern Bayberry
Myricaria germanica,Tamaricaceae,Myricaria,German Tamarisk
Myriophyllum spicatum,Haloragaceae,Myriophyllum,Eurasian Water-milfoil
Myrsine africana,Primulaceae,Myrsine,African Boxwood
Napoleonaea imperialis,Lecythidaceae,Napoleonaea,Imperial Napoleonaea
Nemesia strumosa,Scrophulariaceae,Nemesia,Cape Jewels
Nemophila maculata,Boraginaceae,Nemophila,Five-spot
Nepenthes rafflesiana,Nepenthaceae,Nepenthes,Raffles' Pitcher-plant
Nepeta faassenii,Lamiaceae,Nepeta,Catmint
Neptunia oleracea,Fabaceae,Neptunia,Water Mimosa
Nesaea crassicaulis,Lythraceae,Nesaea,Red-Leaved Ludwigia
Nicandra physalodes,Solanaceae,Nicandra,"Apple-of-Peru,Shoofly Plant"
Nierembergia scoparia,Solanaceae,Nierembergia,Cupflower
Nolana paradoxa,Solanaceae,Nolana,Chilean Bell Flower
Nonea lutea,Boraginaceae,Nonea,Yellow Nonea
Nothofagus antarctica,Nothofagaceae,Nothofagus,Antarctic Beech
Nymphaea odorata,Nymphaeaceae,Nymphaea,American Water Lily
Nymphoides peltata,Menyanthaceae,Nymphoides,Fringed Water-lily
Nyssa aquatica,Nyssaceae,Nyssa,Water Tupelo
Ochna serrulata,Ochnaceae,Ochna,Mickey Mouse Plant
Oenanthe javanica,Apiaceae,Oenanthe,"Water Dropwort,Java Waterdropwort"
Oenothera fruticosa,Onagraceae,Oenothera,Sundrops
Olea capensis,Oleaceae,Olea,Black Ironwood
Olearia haastii,Asteraceae,Olearia,Daisy Bush
Omphalodes verna,Boraginaceae,Omphalodes,Blue-eyed-Mary
Ononis spinosa,Fabaceae,Ononis,Spiny Restharrow
Onopordum acanthium,Asteraceae,Onopordum,"Cotton Thistle,Scotch Thistle"
Operculicarya decaryi,Anacardiaceae,Operculicarya,Elephant Tree
Orbea variegata,Apocynaceae,Orbea,Starfish Flower
Origanum dictamnus,Lamiaceae,Origanum,Dittany of Crete
Orixa japonica,Rutaceae,Orixa,Japanese Orixa
Orlaya grandiflora,Apiaceae,Orlaya,White Laceflower
Ornithopus perpusillus,Fabaceae,Ornithopus,Bird's-foot
Orobanche minor,Orobanchaceae,Orobanche,Common Broomrape
Orthilia secunda,Ericaceae,Orthilia,Sidebells Wintergreen
Orychophragmus violaceus,Brassicaceae,Orychophragmus,February Orchid
Osmanthus heterophyllus,Oleaceae,Osmanthus,"Holly Osmanthus,False Holly"
Osmorhiza longistylis,Apiaceae,Osmorhiza,Aniseroot
Osteospermum ecklonis,Asteraceae,Osteospermum,Cape Daisy
Ostrya carpinifolia,Betulaceae,Ostrya,European Hop-hornbeam
Otanthus maritimus,Asteraceae,Otanthus,Cottonweed
Othonna capensis,Asteraceae,Othonna,"Little Pickles,Ruby Necklace"
Oxalis triangularis,Oxalidaceae,Oxalis,"False Shamrock,Purple Shamrock"
Oxyria digyna,Polygonaceae,Oxyria,Mountain Sorrel
Pachira glabra,Malvaceae,Pachira,Malabar Chestnut
Pachycereus pringlei,Cactaceae,Pachycereus,Mexican Giant Cardon
Pachysandra procumbens,Buxaceae,Pachysandra,Allegheny Spurge
Pachystachys lutea,Acanthaceae,Pachystachys,Golden Shrimp Plant
Paeonia anomala,Paeoniaceae,Paeonia,Anomalous Peony
Paliurus spina-christi,Rhamnaceae,Paliurus,"Christ's Thorn,Jerusalem Thorn"
Pandorea jasminoides,Bignoniaceae,Pandorea,Bower Vine
Panax quinquefolius,Araliaceae,Panax,American Ginseng
Papaver nudicaule,Papaveraceae,Papaver,Iceland Poppy
Pararchidendron pruinosum,Fabaceae,Pararchidendron,Snow-wood
Parentucellia viscosa,Orobanchaceae,Parentucellia,Yellow Bartsia
Parietaria officinalis,Urticaceae,Parietaria,Upright Pellitory
Parkinsonia florida,Fabaceae,Parkinsonia,Blue Palo Verde
Parnassia palustris,Celastraceae,Parnassia,Grass-of-Parnassus
Paronychia argentea,Caryophyllaceae,Paronychia,Algerian Tea
Parthenium argentatum,Asteraceae,Parthenium,Guayule
Parthenium hysterophorus,Asteraceae,Parthenium,Santa Maria Feverfew
Passiflora incarnata,Passifloraceae,Passiflora,"Maypop,Purple Passionflower"
Patrinia scabiosifolia,Caprifoliaceae,Patrinia,Golden Lace
Pedicularis canadensis,Orobanchaceae,Pedicularis,"Canadian Lousewort,Wood Betony"
Peganum harmala,Nitrariaceae,Peganum,Syrian Rue
Pelargonium crispum,Geraniaceae,Pelargonium,Lemon-scented Geranium
Peltandra virginica,Araceae,Peltandra,Green Arrow Arum
Penstemon barbatus,Plantaginaceae,Penstemon,Beardtongue
Pentaglottis sempervirens,Boraginaceae,Pentaglottis,Green Alkanet
Peperomia argyreia,Piperaceae,Peperomia,Watermelon Peperomia
Pereskia aculeata,Cactaceae,Pereskia,Barbados Gooseberry
Pericallis × hybrida,Asteraceae,Pericallis,"Cineraria,Florist's Cineraria"
Periploca graeca,Apocynaceae,Periploca,Silk Vine
Perovskia atriplicifolia,Lamiaceae,Perovskia,Russian Sage
Persicaria capitata,Polygonaceae,Persicaria,Pink-headed Persicaria
Persicaria hydropiper,Polygonaceae,Persicaria,Water-pepper
Petasites fragrans,Asteraceae,Petasites,Winter Heliotrope
Petasites japonicus,Asteraceae,Petasites,"Fuki,Giant Butterbur"
Petrorhagia saxifraga,Caryophyllaceae,Petrorhagia,Tunic Flower
Petroselinum segetum,Apiaceae,Petroselinum,Corn Parsley
Petteria ramentacea,Fabaceae,Petteria,Dalmatian Laburnum
Petunia integrifolia,Solanaceae,Petunia,Violet-flowered Petunia
Phacelia campanularia,Boraginaceae,Phacelia,Desert Bluebells
Phacelia tanacetifolia,Boraginaceae,Phacelia,Lacy Phacelia
Phaseolus acutifolius,Fabaceae,Phaseolus,Tepary Bean
Phellodendron chinense,Rutaceae,Phellodendron,Chinese Cork Tree
Philadelphus inodorus,Hydrangeaceae,Philadelphus,Scentless Mock-orange
Phlomis fruticosa,Lamiaceae,Phlomis,Jerusalem Sage
Phlomis russeliana,Lamiaceae,Phlomis,Turkish Sage
Phlox drummondii,Polemoniaceae,Phlox,Annual Phlox
Phlox paniculata,Polemoniaceae,Phlox,Garden Phlox
Phyla nodiflora,Verbenaceae,Phyla,"Frog Fruit,Turkey Tangle"
Phyllanthus emblica,Phyllanthaceae,Phyllanthus,"Amla,Indian Gooseberry"
Physalis alkekengi,Solanaceae,Physalis,"Chinese Lantern,Bladder Cherry"
Physocarpus malvaceus,Rosaceae,Physocarpus,Mallow-leaf Ninebark
Physostegia virginiana,Lamiaceae,Physostegia,Obedient Plant
Phyteuma scheuchzeri,Campanulaceae,Phyteuma,Horned Rampion
Phytolacca dioica,Phytolaccaceae,Phytolacca,Ombú
Picrasma excelsa,Simaroubaceae,Picrasma,"Jamaica Quassia,Bitter-wood"
Picris echioides,Asteraceae,Picris,Bristly Oxtongue
Pieris floribunda,Ericaceae,Pieris,Mountain Fetterbush
Pilea microphylla,Urticaceae,Pilea,Artillery Plant
Pilocarpus jaborandi,Rutaceae,Pilocarpus,Jaborandi
Pimelea ferruginea,Thymelaeaceae,Pimelea,Pink Rice Flower
Pimpinella major,Apiaceae,Pimpinella,Greater Burnet-saxifrage
Pinguicula grandiflora,Lentibulariaceae,Pinguicula,Large-flowered Butterwort
Pistacia chinensis,Anacardiaceae,Pistacia,Chinese Pistache
Pistia stratiotes,Araceae,Pistia,Water Lettuce
Pittosporum tobira,Pittosporaceae,Pittosporum,Japanese Pittosporum
Plagiobothrys nothofulvus,Boraginaceae,Plagiobothrys,Rusty Popcornflower
Plantago coronopus,Plantaginaceae,Plantago,Buck's-horn Plantain
Plantago media,Plantaginaceae,Plantago,Hoary Plantain
Plantago psyllium,Plantaginaceae,Plantago,Psyllium
Platanus racemosa,Platanaceae,Platanus,California Sycamore
Platycodon grandiflorus,Campanulaceae,Platycodon,Balloon Flower
Platystemon californicus,Papaveraceae,Platystemon,Creamcups
Plectranthus verticillatus,Lamiaceae,Plectranthus,Swedish Ivy
Pleurospermum uralense,Apiaceae,Pleurospermum,Ural Pleurospermum
Podophyllum hexandrum,Berberidaceae,Podophyllum,Himalayan Mayapple
Polemonium caeruleum,Polemoniaceae,Polemonium,Jacob's Ladder
Polemonium reptans,Polemoniaceae,Polemonium,Creeping Jacob's Ladder
Polygala myrtifolia,Polygalaceae,Polygala,Myrtle-leaf Milkwort
Polygala vulgaris,Polygalaceae,Polygala,Common Milkwort
Polygonum bistorta,Polygonaceae,Polygonum,Bistort
Populus tremuloides,Salicaceae,Populus,Quaking Aspen
Porophyllum ruderale,Asteraceae,Porophyllum,"Papalo,Bolivian Coriander"
Portulaca umbraticola,Portulacaceae,Portulaca,Wingpod Purslane
Potentilla anserina,Rosaceae,Potentilla,Silverweed
Potentilla argentea,Rosaceae,Potentilla,Silvery Cinquefoil
Potentilla erecta,Rosaceae,Potentilla,Tormentil
Potentilla fruticosa,Rosaceae,Potentilla,Shrubby Cinquefoil
Pouteria sapota,Sapotaceae,Pouteria,Mamey Sapote
Pratia pedunculata,Campanulaceae,Pratia,Blue Star Creeper
Prenanthes alba,Asteraceae,Prenanthes,White Rattlesnake Root
Primula veris,Primulaceae,Primula,Cowslip
Primula vulgaris,Primulaceae,Primula,"Primrose,English Primrose"
Prinsepia utilis,Rosaceae,Prinsepia,Himalayan Wild Cherry
Prunella grandiflora,Lamiaceae,Prunella,Large-flowered Self-heal
Prunus andersonii,Rosaceae,Prunus,Desert Peach
Prunus caroliniana,Rosaceae,Prunus,Carolina Laurelcherry
Prunus laurocerasus,Rosaceae,Prunus,Cherry Laurel
Prunus lusitanica,Rosaceae,Prunus,Portugal Laurel
Prunus mume,Rosaceae,Prunus,"Japanese Apricot,Chinese Plum"
Prunus padus,Rosaceae,Prunus,Bird Cherry
Prunus serotina,Rosaceae,Prunus,Black Cherry
Prunus spinosa,Rosaceae,Prunus,"Blackthorn,Sloe"
Prunus virginiana,Rosaceae,Prunus,Chokecherry
Psidium cattleianum,Myrtaceae,Psidium,"Strawberry Guava,Cattley Guava"
Psophocarpus tetragonolobus,Fabaceae,Psophocarpus,Winged Bean
Psoralea pinnata,Fabaceae,Psoralea,Fountain Bush
Ptelea trifoliata,Rutaceae,Ptelea,"Hoptree,Wafer Ash"
Pterocarya stenoptera,Juglandaceae,Pterocarya,Chinese Wingnut
Pterostyrax hispidus,Styracaceae,Pterostyrax,Epaulette Tree
Ptilotus exaltatus,Amaranthaceae,Ptilotus,Mulla Mulla
Pulicaria dysenterica,Asteraceae,Pulicaria,Common Fleabane
Pulmonaria saccharata,Boraginaceae,Pulmonaria,Bethlehem Lungwort
Pulsatilla patens,Ranunculaceae,Pulsatilla,Eastern Pasqueflower
Pycnanthemum incanum,Lamiaceae,Pycnanthemum,Hoary Mountain-mint
Pycnostachys urticifolia,Lamiaceae,Pycnostachys,Nettle-leaved Hedge-nettle
Pyracantha koidzumii,Rosaceae,Pyracantha,Formosa Firethorn
Pyrola rotundifolia,Ericaceae,Pyrola,Round-leaved Wintergreen
Pyrostegia venusta,Bignoniaceae,Pyrostegia,Flame Vine
Quassia amara,Simaroubaceae,Quassia,"Amargo,Bitter-wood"
Quercus agrifolia,Fagaceae,Quercus,Coast Live Oak
Quercus coccinea,Fagaceae,Quercus,Scarlet Oak
Quercus garryana,Fagaceae,Quercus,"Garry Oak,Oregon White Oak"
Quercus macrocarpa,Fagaceae,Quercus,Bur Oak
Quercus palustris,Fagaceae,Quercus,Pin Oak
Quercus petraea,Fagaceae,Quercus,"Sessile Oak,Durmast Oak"
Quercus phellos,Fagaceae,Quercus,Willow Oak
Quercus velutina,Fagaceae,Quercus,Black Oak
Quillaja saponaria,Quillajaceae,Quillaja,Soapbark Tree
Randia aculeata,Rubiaceae,Randia,White Indigoberry
Ranunculus bulbosus,Ranunculaceae,Ranunculus,Bulbous Buttercup
Ranunculus repens,Ranunculaceae,Ranunculus,Creeping Buttercup
Raoulia australis,Asteraceae,Raoulia,"Scabweed,Vegetable Sheep"
Raphanus raphanistrum,Brassicaceae,Raphanus,"Wild Radish,Jointed Charlock"
Ratibida columnifera,Asteraceae,Ratibida,"Upright Prairie Coneflower,Mexican Hat"
Rehmannia glutinosa,Orobanchaceae,Rehmannia,Chinese Foxglove
Reseda lutea,Resedaceae,Reseda,Wild Mignonette
Reseda odorata,Resedaceae,Reseda,Common Mignonette
Rhamnus cathartica,Rhamnaceae,Rhamnus,Common Buckthorn
Rhaphiolepis indica,Rosaceae,Rhaphiolepis,Indian Hawthorn
Rheum palmatum,Polygonaceae,Rheum,"Turkey Rhubarb,Chinese Rhubarb"
Rhexia virginica,Melastomataceae,Rhexia,Virginia Meadow-beauty
Rhinanthus minor,Orobanchaceae,Rhinanthus,Yellow Rattle
Rhodanthe chlorocephala,Asteraceae,Rhodanthe,Pink and White Everlasting
Rhodochiton atrosanguineus,Plantaginaceae,Rhodochiton,Purple Bell Vine
Rhododendron calendulaceum,Ericaceae,Rhododendron,Flame Azalea
Rhododendron catawbiense,Ericaceae,Rhododendron,Catawba Rhododendron
Rhodotypos scandens,Rosaceae,Rhodotypos,"Jetbead,White Kerria"
Rhus glabra,Anacardiaceae,Rhus,Smooth Sumac
Ribes alpinum,Grossulariaceae,Ribes,Alpine Currant
Ribes aureum,Grossulariaceae,Ribes,Golden Currant
Richardia scabra,Rubiaceae,Richardia,Florida Pusley
Robinia hispida,Fabaceae,Robinia,Bristly Locust
Rollinia deliciosa,Annonaceae,Rollinia,Biriba
Romneya coulteri,Papaveraceae,Romneya,Coulter's Matilija Poppy
Rorippa palustris,Brassicaceae,Rorippa,Marsh Yellow-cress
Rosa banksiae,Rosaceae,Rosa,Lady Banks' Rose
Rosa centifolia,Rosaceae,Rosa,"Cabbage Rose,Provence Rose"
Rosa eglanteria,Rosaceae,Rosa,"Eglantine,Sweetbriar Rose"
Rosa foetida,Rosaceae,Rosa,Austrian briar
Rosa multiflora,Rosaceae,Rosa,Multiflora Rose
Rubus chamaemorus,Rosaceae,Rubus,Cloudberry
Rubus pentalobus,Rosaceae,Rubus,Creeping Raspberry
Rubus phoenicolasius,Rosaceae,Rubus,Japanese Wineberry
Rudbeckia fulgida,Asteraceae,Rudbeckia,Orange Coneflower
Rudbeckia laciniata,Asteraceae,Rudbeckia,Cutleaf Coneflower
Ruellia devosiana,Acanthaceae,Ruellia,Brazilian Wild Petunia
Rumex acetosella,Polygonaceae,Rumex,Sheep's Sorrel
Rumex obtusifolius,Polygonaceae,Rumex,Broad-leaved Dock
Ruta chalepensis,Rutaceae,Ruta,Fringed Rue
Sabatia angularis,Gentianaceae,Sabatia,Rose Pink
Sagina procumbens,Caryophyllaceae,Sagina,Procumbent Pearlwort
Salicornia virginica,Amaranthaceae,Salicornia,American Glasswort
Salix discolor,Salicaceae,Salix,Pussy Willow
Salix integra,Salicaceae,Salix,Dappled Willow
Salpiglossis sinuata,Solanaceae,Salpiglossis,Painted Tongue
Salsola tragus,Amaranthaceae,Salsola,"Prickly Russian Thistle,Tumbleweed"
Salvia argentea,Lamiaceae,Salvia,Silver Sage
Salvia coccinea,Lamiaceae,Salvia,"Scarlet Sage,Tropical Sage"
Salvia farinacea,Lamiaceae,Salvia,Mealycup Sage
Salvia leucantha,Lamiaceae,Salvia,Mexican Bush Sage
Salvia sclarea,Lamiaceae,Salvia,Clary Sage
Salvia viridis,Lamiaceae,Salvia,"Annual Clary,Painted Sage"
Samolus valerandi,Primulaceae,Samolus,Brookweed
Sanguisorba officinalis,Rosaceae,Sanguisorba,Great Burnet
Sanicula europaea,Apiaceae,Sanicula,"Sanicle,Wood Sanicle"
Santolina chamaecyparissus,Asteraceae,Santolina,Cotton Lavender
Sanvitalia procumbens,Asteraceae,Sanvitalia,Creeping Zinnia
Sapindus mukorossi,Sapindaceae,Sapindus,Indian Soapberry
Saponaria ocymoides,Caryophyllaceae,Saponaria,Rock Soapwort
Sarcobatus vermiculatus,Sarcobataceae,Sarcobatus,Greasewood
Sarracenia purpurea,Sarraceniaceae,Sarracenia,Purple Pitcher Plant
Saussurea costus,Asteraceae,Saussurea,"Costus,Kuth"
Saxifraga oppositifolia,Saxifragaceae,Saxifraga,Purple Saxifrage
Scabiosa atropurpurea,Caprifoliaceae,Scabiosa,Pincushion Flower
Scaevola aemula,Goodeniaceae,Scaevola,Fairy Fan-flower
Schinus terebinthifolia,Anacardiaceae,Schinus,Brazilian Peppertree
Schisandra chinensis,Schisandraceae,Schisandra,"Magnolia Vine,Five-flavor berry"
Scleranthus biflorus,Caryophyllaceae,Scleranthus,Cushion Bush
Scrophularia californica,Scrophulariaceae,Scrophularia,California Figwort
Scutellaria galericulata,Lamiaceae,Scutellaria,Common Skullcap
Sedum album,Crassulaceae,Sedum,White Stonecrop
Sedum kamtschaticum,Crassulaceae,Sedum,Kamschatka Stonecrop
Sedum spurium,Crassulaceae,Sedum,Two-row Stonecrop
Selinum wallichianum,Apiaceae,Selinum,Wallich's Milk-parsley
Sempervivum arachnoideum,Crassulaceae,Sempervivum,Cobweb House-leek
Senecio vulgaris,Asteraceae,Senecio,Groundsel
Senna hebecarpa,Fabaceae,Senna,Wild Senna
Serissa foetida,Rubiaceae,Serissa,"Snowrose,Tree of a Thousand Stars"
Serratula tinctoria,Asteraceae,Serratula,Saw-wort
Sesbania grandiflora,Fabaceae,Sesbania,Vegetable Hummingbird
Sesuvium portulacastrum,Aizoaceae,Sesuvium,Sea Purslane
Shepherdia argentea,Elaeagnaceae,Shepherdia,Silver Buffaloberry
Sherardia arvensis,Rubiaceae,Sherardia,Field Madder
Sida rhombifolia,Malvaceae,Sida,Arrowleaf Sida
Sigesbeckia orientalis,Asteraceae,Sigesbeckia,St. Paul's Wort
Silene acaulis,Caryophyllaceae,Silene,Moss Campion
Silphium perfoliatum,Asteraceae,Silphium,Cup Plant
Simmondsia chinensis,Simmondsiaceae,Simmondsia,Jojoba
Sinocalycanthus chinensis,Calycanthaceae,Sinocalycanthus,Chinese Wax Shrub
Sisymbrium officinale,Brassicaceae,Sisymbrium,Hedge Mustard
Sium sisarum,Apiaceae,Sium,Skirret
Smyrnium olusatrum,Apiaceae,Smyrnium,Alexanders
Solanum americanum,Solanaceae,Solanum,American Black Nightshade
Solanum dulcamara,Solanaceae,Solanum,Bittersweet Nightshade
Solanum nigrum,Solanaceae,Solanum,Black Nightshade
Solanum pseudocapsicum,Solanaceae,Solanum,Jerusalem Cherry
Solanum seaforthianum,Solanaceae,Solanum,Brazilian Nightshade
Soldanella alpina,Primulaceae,Soldanella,Alpine Snowbell
Solidago virgaurea,Asteraceae,Solidago,European Goldenrod
Sollya heterophylla,Pittosporaceae,Sollya,Bluebell Creeper
Sonchus arvensis,Asteraceae,Sonchus,Perennial Sowthistle
Sophora microphylla,Fabaceae,Sophora,Kōwhai
Sorbus aria,Rosaceae,Sorbus,Whitebeam
Sorbus domestica,Rosaceae,Sorbus,"Sorb Apple,Service Tree"
Sorbus torminalis,Rosaceae,Sorbus,Wild Service Tree
Spartium junceum,Fabaceae,Spartium,Spanish Broom
Spergula arvensis,Caryophyllaceae,Spergula,Corn Spurrey
Sphaeralcea coccinea,Malvaceae,Sphaeralcea,Scarlet Globemallow
Spigelia marilandica,Loganiaceae,Spigelia,"Indian Pink,Woodland Pinkroot"
Spilanthes acmella,Asteraceae,Spilanthes,Toothache Plant
Stachys officinalis,Lamiaceae,Stachys,"Betony,Wood Betony"
Stachys sylvatica,Lamiaceae,Stachys,Hedge Woundwort
Staphylea pinnata,Staphyleaceae,Staphylea,European Bladdernut
Stellaria holostea,Caryophyllaceae,Stellaria,Greater Stitchwort
Stephanandra incisa,Rosaceae,Stephanandra,Cutleaf Stephanandra
Stephanotis floribunda,Apocynaceae,Stephanotis,Madagascar Jasmine
Stewartia monadelpha,Theaceae,Stewartia,Tall Stewartia
Stokesia laevis,Asteraceae,Stokesia,Stoke's Aster
Streptosolen jamesonii,Solanaceae,Streptosolen,Marmalade Bush
Strobilanthes dyeriana,Acanthaceae,Strobilanthes,Persian Shield
Styphnolobium japonicum,Fabaceae,Styphnolobium,Japanese Pagoda Tree
Suaeda fruticosa,Amaranthaceae,Suaeda,Shrubby Seablite
Succisa pratensis,Caprifoliaceae,Succisa,Devil's-bit Scabious
Swainsona formosa,Fabaceae,Swainsona,Sturt's Desert Pea
Symphoricarpos orbiculatus,Caprifoliaceae,Symphoricarpos,Coralberry
Symplocos paniculata,Symplocaceae,Symplocos,Sapphire Berry
Syringa emodi,Oleaceae,Syringa,Himalayan Lilac
Syzygium malaccense,Myrtaceae,Syzygium,"Malay Apple,Mountain Apple"
Tagetes lucida,Asteraceae,Tagetes,Mexican Tarragon
Tagetes minuta,Asteraceae,Tagetes,"Stinking Roger,Wild Marigold"
Talinum fruticosum,Talinaceae,Talinum,"Waterleaf,Ceylon Spinach"
Tamarix gallica,Tamaricaceae,Tamarix,French Tamarisk
Tanacetum balsamita,Asteraceae,Tanacetum,Costmary
Taraxacum albidum,Asteraceae,Taraxacum,White-flowered Dandelion
Tecoma capensis,Bignoniaceae,Tecoma,Cape Honeysuckle
Telfairia occidentalis,Cucurbitaceae,Telfairia,Fluted Gourd
Terminalia catappa,Combretaceae,Terminalia,"Indian Almond,Tropical Almond"
Teucrium scorodonia,Lamiaceae,Teucrium,Wood Sage
Thalictrum aquilegiifolium,Ranunculaceae,Thalictrum,Meadow-rue
Thelesperma filifolium,Asteraceae,Thelesperma,"Greenthread,Navajo Tea"
Theobroma grandiflorum,Malvaceae,Theobroma,Cupuaçu
Thermopsis montana,Fabaceae,Thermopsis,Mountain Goldenbanner
Thespesia garckeana,Malvaceae,Thespesia,African Chewing Gum
Thladiantha dubia,Cucurbitaceae,Thladiantha,Manchu Tuber Gourd
Thlaspi arvense,Brassicaceae,Thlaspi,Field Penny-cress
Thunbergia grandiflora,Acanthaceae,Thunbergia,Blue Skyflower
Thymus serpyllum,Lamiaceae,Thymus,"Wild Thyme,Creeping Thyme"
Tibouchina urvilleana,Melastomataceae,Tibouchina,"Princess Flower,Glory Bush"
Tilia americana,Malvaceae,Tilia,"American Basswood,American Linden"
Tipuana tipu,Fabaceae,Tipuana,"Tipu Tree,Rosewood"
Torenia fournieri,Linderniaceae,Torenia,Wishbone Flower
Torilis japonica,Apiaceae,Torilis,Upright Hedge-parsley
Trachelium caeruleum,Campanulaceae,Trachelium,Blue Throatwort
Trachelospermum asiaticum,Apocynaceae,Trachelospermum,Asiatic Jasmine
Trachystemon orientalis,Boraginaceae,Trachystemon,Abraham-Isaac-Jacob
Tragopogon pratensis,Asteraceae,Tragopogon,Meadow Salsify
Trapa natans,Lythraceae,Trapa,"Water Chestnut,Water Caltrop"
Tribulus terrestris,Zygophyllaceae,Tribulus,"Puncture Vine,Caltrop"
Trichosanthes cucumerina,Cucurbitaceae,Trichosanthes,Snake Gourd
Tridax procumbens,Asteraceae,Tridax,"Coatbuttons,Tridax Daisy"
Trifolium arvense,Fabaceae,Trifolium,Hare's-foot Clover
Trifolium hybridum,Fabaceae,Trifolium,Alsike Clover
Trifolium incarnatum,Fabaceae,Trifolium,Crimson Clover
Triodanis perfoliata,Campanulaceae,Triodanis,Clasping Venus's Looking-glass
Triosteum perfoliatum,Caprifoliaceae,Triosteum,"Tinker's-weed,Wild Coffee"
Tripterygium regelii,Celastraceae,Tripterygium,Regel's Threewingnut
Trollius laxus,Ranunculaceae,Trollius,Spreading Globeflower
Tropaeolum peregrinum,Tropaeolaceae,Tropaeolum,Canary Creeper
Tropaeolum speciosum,Tropaeolaceae,Tropaeolum,Flame Nasturtium
Turnera ulmifolia,Passifloraceae,Turnera,Yellow Alder
Turritis glabra,Brassicaceae,Turritis,Tower Mustard
Ulmus glabra,Ulmaceae,Ulmus,Wych Elm
Ulmus pumila,Ulmaceae,Ulmus,Siberian Elm
Umbilicus rupestris,Crassulaceae,Umbilicus,"Navelwort,Wall Pennywort"
Uncarina grandidieri,Pedaliaceae,Uncarina,Mouse Trap Tree
Ursinia anthemoides,Asteraceae,Ursinia,Solar Fire
Vaccaria hispanica,Caryophyllaceae,Vaccaria,Cowherb
Vaccinium angustifolium,Ericaceae,Vaccinium,Lowbush Blueberry
Vaccinium oxycoccos,Ericaceae,Vaccinium,Small Cranberry
Valerianella locusta,Caprifoliaceae,Valerianella,"Corn Salad,Lamb's Lettuce"
Verbascum nigrum,Scrophulariaceae,Verbascum,Dark Mullein
Verbena hastata,Verbenaceae,Verbena,Blue Vervain
Verbesina alternifolia,Asteraceae,Verbesina,Wingstem
Vernonia noveboracensis,Asteraceae,Vernonia,New York Ironweed
Veronica officinalis,Plantaginaceae,Veronica,"Heath Speedwell,Common Speedwell"
Viburnum acerifolium,Adoxaceae,Viburnum,Maple-leaved Viburnum
Viburnum dentatum,Adoxaceae,Viburnum,Arrowwood Viburnum
Viburnum plicatum,Adoxaceae,Viburnum,Japanese Snowball
Viburnum rhytidophyllum,Adoxaceae,Viburnum,Leatherleaf Viburnum
Vicia cracca,Fabaceae,Vicia,Tufted Vetch
Vicia sativa,Fabaceae,Vicia,Common Vetch
Vicia sepium,Fabaceae,Vicia,Bush Vetch
Vigna aconitifolia,Fabaceae,Vigna,Moth Bean
Vigna angularis,Fabaceae,Vigna,Adzuki Bean
Vinca difformis,Apocynaceae,Vinca,Intermediate Periwinkle
Viola cornuta,Violaceae,Viola,"Horned Violet,Tufted Pansy"
Vitex negundo,Lamiaceae,Vitex,Chinese Chaste Tree
Vitis rotundifolia,Vitaceae,Vitis,Muscadine
Wahlenbergia gloriosa,Campanulaceae,Wahlenbergia,Royal Bluebell
Waldsteinia ternata,Rosaceae,Waldsteinia,Barren Strawberry
Sphagneticola trilobata,Asteraceae,Sphagneticola,Creeping Daisy
Weigela coraeensis,Caprifoliaceae,Weigela,Korean Weigela
Phacelia whitlavia,Boraginaceae,Phacelia,Canterbury bells
Wigandia caracasana,Boraginaceae,Wigandia,Caracus Wigandia
Wisteria frutescens,Fabaceae,Wisteria,American Wisteria
Witheringia solanacea,Solanaceae,Witheringia,Solanacea
Xanthium spinosum,Asteraceae,Xanthium,Spiny Cocklebur
Xanthoceras sorbifolium,Sapindaceae,Xanthoceras,Yellowhorn
Xeranthemum annuum,Asteraceae,Xeranthemum,Immortelle
Zabelia tyaihyonii,Caprifoliaceae,Zabelia,Korean Abelia
Zaleya pentandra,Aizoaceae,Zaleya,Desert horsepurslane
Zanthoxylum clava-herculis,Rutaceae,Zanthoxylum,"Hercules' Club,Toothache Tree"
Epilobium canum,Onagraceae,Epilobium,California Fuchsia
Zenobia pulverulenta,Ericaceae,Zenobia,Dusty Zenobia
Zinnia peruviana,Asteraceae,Zinnia,Peruvian Zinnia
Ziziphus jujuba,Rhamnaceae,Ziziphus,"Jujube,Red Date"
Ziziphus mauritiana,Rhamnaceae,Ziziphus,Indian Jujube
Zornia latifolia,Fabaceae,Zornia,Tan-bark Zornia
Zygophyllum fabago,Zygophyllaceae,Zygophyllum,Syrian Bean-caper
